g, 0, 0
r, 0, 1
b, 0, 2
b, 0, 3
g, 0, 4
b, 0, 5
b, 0, 6
g, 0, 7
b, 0, 8
r, 0, 9
b, 0, 10
g, 0, 11
g, 0, 12
r, 0, 13
r, 0, 14
r, 0, 15
r, 0, 16
g, 0, 17
b, 0, 18
r, 0, 19
b, 0, 20
b, 0, 21
b, 0, 22
g, 0, 23
r, 0, 24
b, 0, 25
b, 0, 26
r, 0, 27
r, 0, 28
b, 0, 29
g, 0, 30
g, 0, 31
g, 0, 32
g, 0, 33
b, 0, 34
g, 0, 35
b, 0, 36
g, 0, 37
b, 0, 38
g, 0, 39
b, 0, 40
r, 0, 41
g, 0, 42
r, 0, 43
g, 0, 44
b, 0, 45
r, 0, 46
b, 0, 47
g, 0, 48
g, 0, 49
g, 1, 0
r, 1, 1
g, 1, 2
r, 1, 3
b, 1, 4
r, 1, 5
r, 1, 6
b, 1, 7
r, 1, 8
b, 1, 9
b, 1, 10
b, 1, 11
r, 1, 12
r, 1, 13
b, 1, 14
g, 1, 15
b, 1, 16
r, 1, 17
g, 1, 18
r, 1, 19
b, 1, 20
r, 1, 21
b, 1, 22
g, 1, 23
g, 1, 24
r, 1, 25
g, 1, 26
g, 1, 27
g, 1, 28
b, 1, 29
b, 1, 30
g, 1, 31
r, 1, 32
b, 1, 33
b, 1, 34
b, 1, 35
g, 1, 36
r, 1, 37
g, 1, 38
b, 1, 39
b, 1, 40
g, 1, 41
g, 1, 42
b, 1, 43
g, 1, 44
g, 1, 45
g, 1, 46
b, 1, 47
b, 1, 48
r, 1, 49
b, 2, 0
r, 2, 1
b, 2, 2
b, 2, 3
b, 2, 4
r, 2, 5
g, 2, 6
r, 2, 7
b, 2, 8
g, 2, 9
r, 2, 10
g, 2, 11
g, 2, 12
r, 2, 13
r, 2, 14
r, 2, 15
r, 2, 16
b, 2, 17
g, 2, 18
b, 2, 19
g, 2, 20
b, 2, 21
b, 2, 22
r, 2, 23
g, 2, 24
b, 2, 25
g, 2, 26
b, 2, 27
g, 2, 28
b, 2, 29
g, 2, 30
r, 2, 31
g, 2, 32
g, 2, 33
r, 2, 34
g, 2, 35
g, 2, 36
b, 2, 37
b, 2, 38
r, 2, 39
g, 2, 40
b, 2, 41
b, 2, 42
b, 2, 43
r, 2, 44
g, 2, 45
b, 2, 46
b, 2, 47
r, 2, 48
r, 2, 49
r, 3, 0
g, 3, 1
r, 3, 2
g, 3, 3
g, 3, 4
g, 3, 5
g, 3, 6
r, 3, 7
b, 3, 8
b, 3, 9
r, 3, 10
b, 3, 11
b, 3, 12
g, 3, 13
g, 3, 14
b, 3, 15
r, 3, 16
g, 3, 17
b, 3, 18
b, 3, 19
g, 3, 20
r, 3, 21
r, 3, 22
b, 3, 23
b, 3, 24
r, 3, 25
b, 3, 26
g, 3, 27
r, 3, 28
b, 3, 29
b, 3, 30
g, 3, 31
r, 3, 32
g, 3, 33
b, 3, 34
b, 3, 35
r, 3, 36
g, 3, 37
g, 3, 38
r, 3, 39
g, 3, 40
r, 3, 41
r, 3, 42
g, 3, 43
r, 3, 44
r, 3, 45
g, 3, 46
b, 3, 47
b, 3, 48
g, 3, 49
b, 4, 0
g, 4, 1
g, 4, 2
g, 4, 3
g, 4, 4
r, 4, 5
r, 4, 6
g, 4, 7
r, 4, 8
g, 4, 9
b, 4, 10
g, 4, 11
g, 4, 12
r, 4, 13
g, 4, 14
b, 4, 15
g, 4, 16
r, 4, 17
r, 4, 18
r, 4, 19
r, 4, 20
g, 4, 21
r, 4, 22
r, 4, 23
r, 4, 24
r, 4, 25
r, 4, 26
g, 4, 27
b, 4, 28
b, 4, 29
r, 4, 30
r, 4, 31
g, 4, 32
r, 4, 33
r, 4, 34
b, 4, 35
g, 4, 36
r, 4, 37
r, 4, 38
b, 4, 39
r, 4, 40
b, 4, 41
r, 4, 42
b, 4, 43
r, 4, 44
g, 4, 45
g, 4, 46
g, 4, 47
b, 4, 48
b, 4, 49
r, 5, 0
r, 5, 1
g, 5, 2
r, 5, 3
g, 5, 4
g, 5, 5
r, 5, 6
r, 5, 7
b, 5, 8
r, 5, 9
b, 5, 10
g, 5, 11
g, 5, 12
b, 5, 13
r, 5, 14
r, 5, 15
g, 5, 16
g, 5, 17
b, 5, 18
b, 5, 19
b, 5, 20
r, 5, 21
b, 5, 22
b, 5, 23
g, 5, 24
g, 5, 25
r, 5, 26
b, 5, 27
b, 5, 28
b, 5, 29
r, 5, 30
r, 5, 31
r, 5, 32
b, 5, 33
b, 5, 34
g, 5, 35
b, 5, 36
b, 5, 37
g, 5, 38
r, 5, 39
b, 5, 40
g, 5, 41
g, 5, 42
b, 5, 43
b, 5, 44
g, 5, 45
g, 5, 46
b, 5, 47
r, 5, 48
r, 5, 49
g, 6, 0
r, 6, 1
r, 6, 2
b, 6, 3
b, 6, 4
r, 6, 5
r, 6, 6
g, 6, 7
r, 6, 8
r, 6, 9
r, 6, 10
g, 6, 11
g, 6, 12
b, 6, 13
r, 6, 14
r, 6, 15
b, 6, 16
b, 6, 17
b, 6, 18
g, 6, 19
b, 6, 20
r, 6, 21
g, 6, 22
g, 6, 23
g, 6, 24
g, 6, 25
b, 6, 26
g, 6, 27
b, 6, 28
g, 6, 29
b, 6, 30
g, 6, 31
g, 6, 32
b, 6, 33
g, 6, 34
g, 6, 35
b, 6, 36
g, 6, 37
r, 6, 38
g, 6, 39
b, 6, 40
b, 6, 41
r, 6, 42
b, 6, 43
g, 6, 44
r, 6, 45
g, 6, 46
b, 6, 47
r, 6, 48
b, 6, 49
g, 7, 0
r, 7, 1
r, 7, 2
r, 7, 3
r, 7, 4
b, 7, 5
g, 7, 6
g, 7, 7
r, 7, 8
r, 7, 9
r, 7, 10
r, 7, 11
r, 7, 12
r, 7, 13
g, 7, 14
b, 7, 15
g, 7, 16
b, 7, 17
r, 7, 18
b, 7, 19
r, 7, 20
b, 7, 21
b, 7, 22
b, 7, 23
r, 7, 24
g, 7, 25
b, 7, 26
b, 7, 27
g, 7, 28
g, 7, 29
b, 7, 30
b, 7, 31
g, 7, 32
g, 7, 33
r, 7, 34
g, 7, 35
r, 7, 36
g, 7, 37
r, 7, 38
g, 7, 39
g, 7, 40
r, 7, 41
r, 7, 42
r, 7, 43
g, 7, 44
g, 7, 45
b, 7, 46
g, 7, 47
r, 7, 48
r, 7, 49
g, 8, 0
r, 8, 1
r, 8, 2
g, 8, 3
r, 8, 4
g, 8, 5
g, 8, 6
r, 8, 7
r, 8, 8
r, 8, 9
g, 8, 10
b, 8, 11
r, 8, 12
r, 8, 13
b, 8, 14
r, 8, 15
b, 8, 16
g, 8, 17
r, 8, 18
r, 8, 19
b, 8, 20
g, 8, 21
g, 8, 22
g, 8, 23
g, 8, 24
r, 8, 25
r, 8, 26
g, 8, 27
r, 8, 28
b, 8, 29
r, 8, 30
b, 8, 31
r, 8, 32
b, 8, 33
r, 8, 34
r, 8, 35
b, 8, 36
r, 8, 37
g, 8, 38
g, 8, 39
g, 8, 40
r, 8, 41
r, 8, 42
g, 8, 43
g, 8, 44
g, 8, 45
r, 8, 46
r, 8, 47
r, 8, 48
r, 8, 49
g, 9, 0
g, 9, 1
b, 9, 2
b, 9, 3
g, 9, 4
b, 9, 5
r, 9, 6
r, 9, 7
b, 9, 8
g, 9, 9
b, 9, 10
r, 9, 11
b, 9, 12
b, 9, 13
r, 9, 14
b, 9, 15
b, 9, 16
r, 9, 17
r, 9, 18
g, 9, 19
r, 9, 20
r, 9, 21
b, 9, 22
b, 9, 23
g, 9, 24
g, 9, 25
b, 9, 26
r, 9, 27
r, 9, 28
g, 9, 29
r, 9, 30
b, 9, 31
b, 9, 32
r, 9, 33
g, 9, 34
g, 9, 35
g, 9, 36
r, 9, 37
g, 9, 38
b, 9, 39
b, 9, 40
g, 9, 41
r, 9, 42
r, 9, 43
r, 9, 44
r, 9, 45
r, 9, 46
g, 9, 47
r, 9, 48
r, 9, 49
r, 10, 0
g, 10, 1
r, 10, 2
b, 10, 3
r, 10, 4
r, 10, 5
r, 10, 6
r, 10, 7
g, 10, 8
r, 10, 9
g, 10, 10
r, 10, 11
r, 10, 12
b, 10, 13
b, 10, 14
r, 10, 15
r, 10, 16
r, 10, 17
g, 10, 18
g, 10, 19
g, 10, 20
r, 10, 21
g, 10, 22
b, 10, 23
b, 10, 24
g, 10, 25
g, 10, 26
g, 10, 27
r, 10, 28
g, 10, 29
g, 10, 30
g, 10, 31
r, 10, 32
b, 10, 33
r, 10, 34
b, 10, 35
g, 10, 36
r, 10, 37
g, 10, 38
r, 10, 39
g, 10, 40
g, 10, 41
r, 10, 42
b, 10, 43
r, 10, 44
r, 10, 45
r, 10, 46
r, 10, 47
g, 10, 48
b, 10, 49
b, 11, 0
g, 11, 1
r, 11, 2
g, 11, 3
r, 11, 4
b, 11, 5
r, 11, 6
g, 11, 7
r, 11, 8
g, 11, 9
g, 11, 10
g, 11, 11
r, 11, 12
r, 11, 13
g, 11, 14
b, 11, 15
r, 11, 16
b, 11, 17
r, 11, 18
r, 11, 19
g, 11, 20
g, 11, 21
g, 11, 22
r, 11, 23
g, 11, 24
g, 11, 25
g, 11, 26
g, 11, 27
g, 11, 28
r, 11, 29
g, 11, 30
g, 11, 31
g, 11, 32
b, 11, 33
r, 11, 34
g, 11, 35
r, 11, 36
b, 11, 37
b, 11, 38
b, 11, 39
r, 11, 40
r, 11, 41
r, 11, 42
b, 11, 43
g, 11, 44
r, 11, 45
r, 11, 46
r, 11, 47
g, 11, 48
b, 11, 49
r, 12, 0
g, 12, 1
b, 12, 2
r, 12, 3
r, 12, 4
b, 12, 5
r, 12, 6
g, 12, 7
b, 12, 8
b, 12, 9
g, 12, 10
b, 12, 11
g, 12, 12
g, 12, 13
b, 12, 14
g, 12, 15
b, 12, 16
g, 12, 17
r, 12, 18
r, 12, 19
g, 12, 20
g, 12, 21
g, 12, 22
r, 12, 23
g, 12, 24
r, 12, 25
b, 12, 26
b, 12, 27
b, 12, 28
r, 12, 29
b, 12, 30
g, 12, 31
g, 12, 32
g, 12, 33
r, 12, 34
g, 12, 35
b, 12, 36
b, 12, 37
r, 12, 38
g, 12, 39
g, 12, 40
b, 12, 41
r, 12, 42
g, 12, 43
g, 12, 44
g, 12, 45
b, 12, 46
r, 12, 47
b, 12, 48
g, 12, 49
g, 13, 0
b, 13, 1
g, 13, 2
g, 13, 3
g, 13, 4
g, 13, 5
b, 13, 6
g, 13, 7
r, 13, 8
b, 13, 9
g, 13, 10
r, 13, 11
r, 13, 12
g, 13, 13
b, 13, 14
b, 13, 15
r, 13, 16
g, 13, 17
b, 13, 18
g, 13, 19
g, 13, 20
g, 13, 21
r, 13, 22
g, 13, 23
g, 13, 24
g, 13, 25
b, 13, 26
g, 13, 27
r, 13, 28
r, 13, 29
b, 13, 30
b, 13, 31
r, 13, 32
b, 13, 33
g, 13, 34
b, 13, 35
b, 13, 36
b, 13, 37
b, 13, 38
r, 13, 39
b, 13, 40
g, 13, 41
g, 13, 42
r, 13, 43
r, 13, 44
g, 13, 45
r, 13, 46
b, 13, 47
b, 13, 48
b, 13, 49
b, 14, 0
g, 14, 1
g, 14, 2
r, 14, 3
g, 14, 4
b, 14, 5
b, 14, 6
r, 14, 7
r, 14, 8
r, 14, 9
g, 14, 10
b, 14, 11
b, 14, 12
g, 14, 13
r, 14, 14
g, 14, 15
r, 14, 16
g, 14, 17
b, 14, 18
b, 14, 19
r, 14, 20
g, 14, 21
g, 14, 22
r, 14, 23
r, 14, 24
b, 14, 25
r, 14, 26
b, 14, 27
b, 14, 28
r, 14, 29
g, 14, 30
g, 14, 31
r, 14, 32
b, 14, 33
g, 14, 34
b, 14, 35
b, 14, 36
b, 14, 37
g, 14, 38
b, 14, 39
g, 14, 40
b, 14, 41
g, 14, 42
g, 14, 43
g, 14, 44
g, 14, 45
r, 14, 46
r, 14, 47
g, 14, 48
b, 14, 49
g, 15, 0
b, 15, 1
r, 15, 2
g, 15, 3
r, 15, 4
g, 15, 5
b, 15, 6
r, 15, 7
b, 15, 8
r, 15, 9
r, 15, 10
g, 15, 11
g, 15, 12
r, 15, 13
g, 15, 14
b, 15, 15
r, 15, 16
b, 15, 17
g, 15, 18
g, 15, 19
r, 15, 20
r, 15, 21
r, 15, 22
r, 15, 23
r, 15, 24
b, 15, 25
r, 15, 26
b, 15, 27
b, 15, 28
r, 15, 29
r, 15, 30
b, 15, 31
b, 15, 32
b, 15, 33
g, 15, 34
r, 15, 35
g, 15, 36
g, 15, 37
r, 15, 38
r, 15, 39
r, 15, 40
g, 15, 41
b, 15, 42
b, 15, 43
b, 15, 44
g, 15, 45
b, 15, 46
r, 15, 47
g, 15, 48
g, 15, 49
r, 16, 0
b, 16, 1
b, 16, 2
g, 16, 3
b, 16, 4
b, 16, 5
r, 16, 6
g, 16, 7
r, 16, 8
b, 16, 9
r, 16, 10
g, 16, 11
g, 16, 12
g, 16, 13
b, 16, 14
r, 16, 15
g, 16, 16
b, 16, 17
r, 16, 18
g, 16, 19
r, 16, 20
r, 16, 21
r, 16, 22
b, 16, 23
g, 16, 24
r, 16, 25
b, 16, 26
b, 16, 27
g, 16, 28
r, 16, 29
r, 16, 30
b, 16, 31
g, 16, 32
r, 16, 33
r, 16, 34
r, 16, 35
g, 16, 36
g, 16, 37
b, 16, 38
g, 16, 39
b, 16, 40
r, 16, 41
r, 16, 42
b, 16, 43
b, 16, 44
b, 16, 45
g, 16, 46
g, 16, 47
b, 16, 48
g, 16, 49
b, 17, 0
g, 17, 1
g, 17, 2
b, 17, 3
g, 17, 4
g, 17, 5
r, 17, 6
r, 17, 7
g, 17, 8
b, 17, 9
r, 17, 10
g, 17, 11
r, 17, 12
b, 17, 13
r, 17, 14
r, 17, 15
b, 17, 16
r, 17, 17
b, 17, 18
g, 17, 19
g, 17, 20
r, 17, 21
b, 17, 22
r, 17, 23
g, 17, 24
b, 17, 25
r, 17, 26
b, 17, 27
g, 17, 28
r, 17, 29
r, 17, 30
g, 17, 31
g, 17, 32
g, 17, 33
g, 17, 34
g, 17, 35
r, 17, 36
g, 17, 37
g, 17, 38
b, 17, 39
g, 17, 40
g, 17, 41
r, 17, 42
b, 17, 43
g, 17, 44
b, 17, 45
g, 17, 46
g, 17, 47
r, 17, 48
g, 17, 49
b, 18, 0
b, 18, 1
b, 18, 2
g, 18, 3
r, 18, 4
g, 18, 5
g, 18, 6
r, 18, 7
b, 18, 8
r, 18, 9
b, 18, 10
r, 18, 11
b, 18, 12
b, 18, 13
b, 18, 14
g, 18, 15
g, 18, 16
b, 18, 17
g, 18, 18
b, 18, 19
b, 18, 20
b, 18, 21
b, 18, 22
b, 18, 23
b, 18, 24
r, 18, 25
b, 18, 26
g, 18, 27
r, 18, 28
r, 18, 29
b, 18, 30
b, 18, 31
b, 18, 32
g, 18, 33
b, 18, 34
r, 18, 35
g, 18, 36
r, 18, 37
b, 18, 38
r, 18, 39
r, 18, 40
r, 18, 41
g, 18, 42
g, 18, 43
b, 18, 44
b, 18, 45
g, 18, 46
b, 18, 47
b, 18, 48
r, 18, 49
b, 19, 0
r, 19, 1
r, 19, 2
r, 19, 3
r, 19, 4
g, 19, 5
g, 19, 6
g, 19, 7
b, 19, 8
g, 19, 9
r, 19, 10
g, 19, 11
b, 19, 12
g, 19, 13
r, 19, 14
g, 19, 15
r, 19, 16
b, 19, 17
g, 19, 18
g, 19, 19
r, 19, 20
g, 19, 21
b, 19, 22
b, 19, 23
r, 19, 24
r, 19, 25
g, 19, 26
b, 19, 27
g, 19, 28
r, 19, 29
g, 19, 30
b, 19, 31
r, 19, 32
r, 19, 33
b, 19, 34
b, 19, 35
b, 19, 36
g, 19, 37
g, 19, 38
b, 19, 39
b, 19, 40
g, 19, 41
r, 19, 42
g, 19, 43
g, 19, 44
r, 19, 45
g, 19, 46
r, 19, 47
g, 19, 48
b, 19, 49
b, 20, 0
r, 20, 1
g, 20, 2
r, 20, 3
g, 20, 4
r, 20, 5
b, 20, 6
b, 20, 7
b, 20, 8
r, 20, 9
g, 20, 10
r, 20, 11
b, 20, 12
g, 20, 13
g, 20, 14
r, 20, 15
b, 20, 16
b, 20, 17
r, 20, 18
b, 20, 19
b, 20, 20
r, 20, 21
b, 20, 22
r, 20, 23
g, 20, 24
g, 20, 25
r, 20, 26
g, 20, 27
b, 20, 28
b, 20, 29
b, 20, 30
b, 20, 31
r, 20, 32
b, 20, 33
g, 20, 34
b, 20, 35
g, 20, 36
b, 20, 37
b, 20, 38
b, 20, 39
r, 20, 40
g, 20, 41
r, 20, 42
g, 20, 43
b, 20, 44
r, 20, 45
b, 20, 46
r, 20, 47
g, 20, 48
g, 20, 49
r, 21, 0
r, 21, 1
g, 21, 2
g, 21, 3
b, 21, 4
b, 21, 5
b, 21, 6
r, 21, 7
b, 21, 8
r, 21, 9
b, 21, 10
r, 21, 11
g, 21, 12
g, 21, 13
g, 21, 14
r, 21, 15
r, 21, 16
b, 21, 17
r, 21, 18
g, 21, 19
b, 21, 20
r, 21, 21
g, 21, 22
b, 21, 23
g, 21, 24
g, 21, 25
g, 21, 26
b, 21, 27
b, 21, 28
b, 21, 29
r, 21, 30
b, 21, 31
g, 21, 32
b, 21, 33
r, 21, 34
b, 21, 35
r, 21, 36
r, 21, 37
r, 21, 38
g, 21, 39
g, 21, 40
r, 21, 41
b, 21, 42
r, 21, 43
g, 21, 44
g, 21, 45
g, 21, 46
b, 21, 47
b, 21, 48
r, 21, 49
b, 22, 0
r, 22, 1
g, 22, 2
b, 22, 3
b, 22, 4
g, 22, 5
r, 22, 6
b, 22, 7
b, 22, 8
r, 22, 9
r, 22, 10
r, 22, 11
g, 22, 12
r, 22, 13
r, 22, 14
g, 22, 15
g, 22, 16
g, 22, 17
g, 22, 18
r, 22, 19
g, 22, 20
b, 22, 21
b, 22, 22
b, 22, 23
g, 22, 24
g, 22, 25
b, 22, 26
b, 22, 27
b, 22, 28
g, 22, 29
g, 22, 30
b, 22, 31
r, 22, 32
g, 22, 33
r, 22, 34
r, 22, 35
b, 22, 36
b, 22, 37
g, 22, 38
b, 22, 39
b, 22, 40
g, 22, 41
b, 22, 42
b, 22, 43
r, 22, 44
r, 22, 45
g, 22, 46
r, 22, 47
g, 22, 48
b, 22, 49
r, 23, 0
g, 23, 1
r, 23, 2
b, 23, 3
g, 23, 4
b, 23, 5
b, 23, 6
b, 23, 7
b, 23, 8
b, 23, 9
b, 23, 10
b, 23, 11
r, 23, 12
r, 23, 13
b, 23, 14
r, 23, 15
r, 23, 16
b, 23, 17
g, 23, 18
g, 23, 19
r, 23, 20
b, 23, 21
g, 23, 22
g, 23, 23
r, 23, 24
b, 23, 25
b, 23, 26
r, 23, 27
b, 23, 28
r, 23, 29
g, 23, 30
b, 23, 31
g, 23, 32
r, 23, 33
r, 23, 34
b, 23, 35
r, 23, 36
r, 23, 37
r, 23, 38
r, 23, 39
r, 23, 40
g, 23, 41
r, 23, 42
b, 23, 43
r, 23, 44
b, 23, 45
g, 23, 46
b, 23, 47
g, 23, 48
b, 23, 49
g, 24, 0
g, 24, 1
b, 24, 2
b, 24, 3
r, 24, 4
b, 24, 5
g, 24, 6
r, 24, 7
r, 24, 8
g, 24, 9
b, 24, 10
b, 24, 11
g, 24, 12
g, 24, 13
r, 24, 14
r, 24, 15
b, 24, 16
r, 24, 17
b, 24, 18
r, 24, 19
g, 24, 20
g, 24, 21
b, 24, 22
b, 24, 23
r, 24, 24
r, 24, 25
r, 24, 26
g, 24, 27
r, 24, 28
b, 24, 29
g, 24, 30
g, 24, 31
b, 24, 32
g, 24, 33
g, 24, 34
b, 24, 35
g, 24, 36
b, 24, 37
g, 24, 38
b, 24, 39
b, 24, 40
r, 24, 41
r, 24, 42
r, 24, 43
g, 24, 44
b, 24, 45
g, 24, 46
g, 24, 47
r, 24, 48
b, 24, 49
r, 25, 0
b, 25, 1
r, 25, 2
g, 25, 3
g, 25, 4
g, 25, 5
g, 25, 6
b, 25, 7
g, 25, 8
b, 25, 9
b, 25, 10
b, 25, 11
g, 25, 12
g, 25, 13
g, 25, 14
g, 25, 15
g, 25, 16
g, 25, 17
g, 25, 18
b, 25, 19
b, 25, 20
g, 25, 21
r, 25, 22
b, 25, 23
r, 25, 24
r, 25, 25
g, 25, 26
r, 25, 27
g, 25, 28
r, 25, 29
r, 25, 30
b, 25, 31
r, 25, 32
b, 25, 33
g, 25, 34
g, 25, 35
r, 25, 36
g, 25, 37
g, 25, 38
b, 25, 39
g, 25, 40
b, 25, 41
r, 25, 42
b, 25, 43
b, 25, 44
r, 25, 45
r, 25, 46
r, 25, 47
r, 25, 48
r, 25, 49
g, 26, 0
b, 26, 1
g, 26, 2
b, 26, 3
r, 26, 4
b, 26, 5
r, 26, 6
r, 26, 7
g, 26, 8
b, 26, 9
r, 26, 10
b, 26, 11
r, 26, 12
g, 26, 13
r, 26, 14
b, 26, 15
b, 26, 16
b, 26, 17
r, 26, 18
r, 26, 19
b, 26, 20
r, 26, 21
g, 26, 22
g, 26, 23
b, 26, 24
b, 26, 25
g, 26, 26
g, 26, 27
b, 26, 28
b, 26, 29
g, 26, 30
g, 26, 31
b, 26, 32
r, 26, 33
b, 26, 34
g, 26, 35
b, 26, 36
b, 26, 37
g, 26, 38
g, 26, 39
b, 26, 40
b, 26, 41
g, 26, 42
r, 26, 43
g, 26, 44
b, 26, 45
g, 26, 46
g, 26, 47
b, 26, 48
b, 26, 49
b, 27, 0
b, 27, 1
b, 27, 2
g, 27, 3
g, 27, 4
g, 27, 5
b, 27, 6
b, 27, 7
b, 27, 8
b, 27, 9
b, 27, 10
r, 27, 11
g, 27, 12
g, 27, 13
r, 27, 14
r, 27, 15
b, 27, 16
r, 27, 17
g, 27, 18
b, 27, 19
r, 27, 20
r, 27, 21
r, 27, 22
r, 27, 23
g, 27, 24
r, 27, 25
b, 27, 26
b, 27, 27
g, 27, 28
b, 27, 29
r, 27, 30
g, 27, 31
g, 27, 32
g, 27, 33
g, 27, 34
b, 27, 35
b, 27, 36
b, 27, 37
r, 27, 38
g, 27, 39
b, 27, 40
r, 27, 41
r, 27, 42
b, 27, 43
r, 27, 44
r, 27, 45
r, 27, 46
g, 27, 47
g, 27, 48
b, 27, 49
g, 28, 0
g, 28, 1
b, 28, 2
b, 28, 3
b, 28, 4
g, 28, 5
g, 28, 6
b, 28, 7
r, 28, 8
b, 28, 9
g, 28, 10
g, 28, 11
r, 28, 12
b, 28, 13
b, 28, 14
b, 28, 15
g, 28, 16
b, 28, 17
b, 28, 18
b, 28, 19
r, 28, 20
g, 28, 21
b, 28, 22
r, 28, 23
b, 28, 24
r, 28, 25
r, 28, 26
g, 28, 27
r, 28, 28
r, 28, 29
r, 28, 30
b, 28, 31
b, 28, 32
g, 28, 33
b, 28, 34
b, 28, 35
g, 28, 36
b, 28, 37
r, 28, 38
r, 28, 39
b, 28, 40
r, 28, 41
g, 28, 42
r, 28, 43
b, 28, 44
b, 28, 45
r, 28, 46
b, 28, 47
g, 28, 48
g, 28, 49
r, 29, 0
r, 29, 1
b, 29, 2
r, 29, 3
b, 29, 4
b, 29, 5
b, 29, 6
g, 29, 7
g, 29, 8
r, 29, 9
r, 29, 10
g, 29, 11
r, 29, 12
g, 29, 13
r, 29, 14
b, 29, 15
g, 29, 16
b, 29, 17
g, 29, 18
b, 29, 19
g, 29, 20
r, 29, 21
b, 29, 22
b, 29, 23
r, 29, 24
g, 29, 25
g, 29, 26
r, 29, 27
g, 29, 28
r, 29, 29
g, 29, 30
b, 29, 31
b, 29, 32
b, 29, 33
b, 29, 34
b, 29, 35
b, 29, 36
g, 29, 37
r, 29, 38
r, 29, 39
r, 29, 40
r, 29, 41
b, 29, 42
b, 29, 43
r, 29, 44
r, 29, 45
r, 29, 46
g, 29, 47
g, 29, 48
g, 29, 49
b, 30, 0
b, 30, 1
b, 30, 2
g, 30, 3
b, 30, 4
r, 30, 5
r, 30, 6
b, 30, 7
g, 30, 8
b, 30, 9
r, 30, 10
b, 30, 11
b, 30, 12
g, 30, 13
b, 30, 14
r, 30, 15
b, 30, 16
r, 30, 17
g, 30, 18
r, 30, 19
b, 30, 20
r, 30, 21
b, 30, 22
r, 30, 23
b, 30, 24
r, 30, 25
g, 30, 26
g, 30, 27
b, 30, 28
g, 30, 29
b, 30, 30
r, 30, 31
g, 30, 32
b, 30, 33
r, 30, 34
g, 30, 35
r, 30, 36
b, 30, 37
r, 30, 38
g, 30, 39
b, 30, 40
b, 30, 41
g, 30, 42
b, 30, 43
r, 30, 44
r, 30, 45
b, 30, 46
g, 30, 47
g, 30, 48
g, 30, 49
b, 31, 0
g, 31, 1
r, 31, 2
r, 31, 3
g, 31, 4
b, 31, 5
b, 31, 6
g, 31, 7
g, 31, 8
b, 31, 9
b, 31, 10
g, 31, 11
r, 31, 12
r, 31, 13
r, 31, 14
r, 31, 15
b, 31, 16
r, 31, 17
r, 31, 18
g, 31, 19
r, 31, 20
r, 31, 21
b, 31, 22
b, 31, 23
r, 31, 24
b, 31, 25
g, 31, 26
r, 31, 27
r, 31, 28
b, 31, 29
b, 31, 30
b, 31, 31
r, 31, 32
g, 31, 33
r, 31, 34
r, 31, 35
b, 31, 36
g, 31, 37
b, 31, 38
b, 31, 39
b, 31, 40
b, 31, 41
g, 31, 42
b, 31, 43
g, 31, 44
g, 31, 45
b, 31, 46
b, 31, 47
b, 31, 48
g, 31, 49
r, 32, 0
b, 32, 1
r, 32, 2
r, 32, 3
b, 32, 4
b, 32, 5
b, 32, 6
g, 32, 7
g, 32, 8
r, 32, 9
b, 32, 10
r, 32, 11
b, 32, 12
g, 32, 13
r, 32, 14
r, 32, 15
g, 32, 16
r, 32, 17
g, 32, 18
g, 32, 19
r, 32, 20
r, 32, 21
g, 32, 22
g, 32, 23
b, 32, 24
g, 32, 25
b, 32, 26
g, 32, 27
b, 32, 28
r, 32, 29
b, 32, 30
r, 32, 31
r, 32, 32
g, 32, 33
r, 32, 34
g, 32, 35
r, 32, 36
g, 32, 37
b, 32, 38
r, 32, 39
g, 32, 40
b, 32, 41
g, 32, 42
b, 32, 43
r, 32, 44
r, 32, 45
b, 32, 46
r, 32, 47
g, 32, 48
g, 32, 49
g, 33, 0
g, 33, 1
b, 33, 2
b, 33, 3
g, 33, 4
b, 33, 5
b, 33, 6
g, 33, 7
r, 33, 8
r, 33, 9
g, 33, 10
g, 33, 11
b, 33, 12
r, 33, 13
g, 33, 14
r, 33, 15
r, 33, 16
r, 33, 17
b, 33, 18
g, 33, 19
b, 33, 20
g, 33, 21
r, 33, 22
b, 33, 23
g, 33, 24
b, 33, 25
b, 33, 26
g, 33, 27
r, 33, 28
g, 33, 29
g, 33, 30
g, 33, 31
r, 33, 32
r, 33, 33
b, 33, 34
g, 33, 35
r, 33, 36
g, 33, 37
r, 33, 38
b, 33, 39
g, 33, 40
b, 33, 41
b, 33, 42
r, 33, 43
g, 33, 44
g, 33, 45
r, 33, 46
b, 33, 47
b, 33, 48
b, 33, 49
r, 34, 0
r, 34, 1
g, 34, 2
g, 34, 3
g, 34, 4
r, 34, 5
r, 34, 6
b, 34, 7
r, 34, 8
r, 34, 9
b, 34, 10
b, 34, 11
b, 34, 12
r, 34, 13
g, 34, 14
b, 34, 15
b, 34, 16
g, 34, 17
g, 34, 18
g, 34, 19
b, 34, 20
r, 34, 21
r, 34, 22
b, 34, 23
g, 34, 24
g, 34, 25
g, 34, 26
r, 34, 27
r, 34, 28
g, 34, 29
g, 34, 30
r, 34, 31
b, 34, 32
r, 34, 33
g, 34, 34
g, 34, 35
r, 34, 36
g, 34, 37
b, 34, 38
b, 34, 39
b, 34, 40
b, 34, 41
g, 34, 42
g, 34, 43
b, 34, 44
g, 34, 45
r, 34, 46
r, 34, 47
g, 34, 48
g, 34, 49
g, 35, 0
r, 35, 1
g, 35, 2
r, 35, 3
g, 35, 4
b, 35, 5
r, 35, 6
r, 35, 7
r, 35, 8
r, 35, 9
r, 35, 10
r, 35, 11
b, 35, 12
g, 35, 13
r, 35, 14
g, 35, 15
g, 35, 16
g, 35, 17
g, 35, 18
b, 35, 19
b, 35, 20
g, 35, 21
g, 35, 22
b, 35, 23
g, 35, 24
g, 35, 25
b, 35, 26
g, 35, 27
b, 35, 28
b, 35, 29
b, 35, 30
r, 35, 31
r, 35, 32
b, 35, 33
b, 35, 34
r, 35, 35
b, 35, 36
g, 35, 37
g, 35, 38
g, 35, 39
b, 35, 40
g, 35, 41
b, 35, 42
b, 35, 43
b, 35, 44
r, 35, 45
b, 35, 46
g, 35, 47
g, 35, 48
g, 35, 49
g, 36, 0
b, 36, 1
b, 36, 2
r, 36, 3
b, 36, 4
r, 36, 5
b, 36, 6
r, 36, 7
g, 36, 8
r, 36, 9
b, 36, 10
b, 36, 11
b, 36, 12
r, 36, 13
g, 36, 14
b, 36, 15
r, 36, 16
r, 36, 17
b, 36, 18
b, 36, 19
r, 36, 20
b, 36, 21
g, 36, 22
r, 36, 23
g, 36, 24
r, 36, 25
g, 36, 26
g, 36, 27
r, 36, 28
r, 36, 29
r, 36, 30
g, 36, 31
b, 36, 32
b, 36, 33
r, 36, 34
b, 36, 35
g, 36, 36
r, 36, 37
r, 36, 38
g, 36, 39
g, 36, 40
g, 36, 41
g, 36, 42
g, 36, 43
b, 36, 44
r, 36, 45
r, 36, 46
g, 36, 47
r, 36, 48
b, 36, 49
r, 37, 0
g, 37, 1
r, 37, 2
g, 37, 3
g, 37, 4
b, 37, 5
g, 37, 6
b, 37, 7
b, 37, 8
b, 37, 9
b, 37, 10
r, 37, 11
g, 37, 12
r, 37, 13
g, 37, 14
g, 37, 15
g, 37, 16
r, 37, 17
r, 37, 18
b, 37, 19
b, 37, 20
r, 37, 21
r, 37, 22
r, 37, 23
g, 37, 24
g, 37, 25
b, 37, 26
r, 37, 27
r, 37, 28
b, 37, 29
g, 37, 30
r, 37, 31
r, 37, 32
g, 37, 33
g, 37, 34
b, 37, 35
b, 37, 36
g, 37, 37
b, 37, 38
g, 37, 39
b, 37, 40
g, 37, 41
g, 37, 42
g, 37, 43
r, 37, 44
g, 37, 45
g, 37, 46
r, 37, 47
b, 37, 48
g, 37, 49
g, 38, 0
r, 38, 1
b, 38, 2
g, 38, 3
g, 38, 4
r, 38, 5
r, 38, 6
r, 38, 7
g, 38, 8
b, 38, 9
g, 38, 10
b, 38, 11
r, 38, 12
b, 38, 13
b, 38, 14
r, 38, 15
g, 38, 16
b, 38, 17
r, 38, 18
b, 38, 19
r, 38, 20
b, 38, 21
g, 38, 22
b, 38, 23
r, 38, 24
r, 38, 25
g, 38, 26
g, 38, 27
g, 38, 28
b, 38, 29
g, 38, 30
r, 38, 31
r, 38, 32
r, 38, 33
b, 38, 34
r, 38, 35
g, 38, 36
r, 38, 37
g, 38, 38
g, 38, 39
g, 38, 40
b, 38, 41
r, 38, 42
b, 38, 43
r, 38, 44
b, 38, 45
g, 38, 46
g, 38, 47
b, 38, 48
r, 38, 49
g, 39, 0
b, 39, 1
r, 39, 2
b, 39, 3
r, 39, 4
r, 39, 5
b, 39, 6
r, 39, 7
g, 39, 8
r, 39, 9
b, 39, 10
r, 39, 11
r, 39, 12
g, 39, 13
b, 39, 14
g, 39, 15
g, 39, 16
r, 39, 17
b, 39, 18
r, 39, 19
b, 39, 20
g, 39, 21
g, 39, 22
b, 39, 23
r, 39, 24
g, 39, 25
g, 39, 26
r, 39, 27
g, 39, 28
g, 39, 29
g, 39, 30
b, 39, 31
r, 39, 32
g, 39, 33
b, 39, 34
g, 39, 35
g, 39, 36
b, 39, 37
b, 39, 38
g, 39, 39
r, 39, 40
g, 39, 41
b, 39, 42
b, 39, 43
g, 39, 44
b, 39, 45
g, 39, 46
g, 39, 47
b, 39, 48
r, 39, 49
r, 40, 0
b, 40, 1
g, 40, 2
r, 40, 3
r, 40, 4
b, 40, 5
b, 40, 6
b, 40, 7
g, 40, 8
b, 40, 9
r, 40, 10
g, 40, 11
r, 40, 12
g, 40, 13
g, 40, 14
b, 40, 15
b, 40, 16
r, 40, 17
b, 40, 18
b, 40, 19
r, 40, 20
g, 40, 21
r, 40, 22
b, 40, 23
r, 40, 24
r, 40, 25
b, 40, 26
r, 40, 27
b, 40, 28
g, 40, 29
r, 40, 30
b, 40, 31
b, 40, 32
b, 40, 33
r, 40, 34
b, 40, 35
b, 40, 36
r, 40, 37
g, 40, 38
g, 40, 39
g, 40, 40
r, 40, 41
b, 40, 42
g, 40, 43
r, 40, 44
g, 40, 45
g, 40, 46
g, 40, 47
g, 40, 48
g, 40, 49
g, 41, 0
r, 41, 1
r, 41, 2
r, 41, 3
r, 41, 4
r, 41, 5
r, 41, 6
r, 41, 7
g, 41, 8
g, 41, 9
r, 41, 10
b, 41, 11
r, 41, 12
b, 41, 13
g, 41, 14
r, 41, 15
g, 41, 16
r, 41, 17
r, 41, 18
g, 41, 19
g, 41, 20
g, 41, 21
r, 41, 22
b, 41, 23
b, 41, 24
r, 41, 25
b, 41, 26
g, 41, 27
r, 41, 28
b, 41, 29
g, 41, 30
g, 41, 31
r, 41, 32
b, 41, 33
r, 41, 34
g, 41, 35
b, 41, 36
g, 41, 37
b, 41, 38
g, 41, 39
g, 41, 40
g, 41, 41
g, 41, 42
b, 41, 43
b, 41, 44
r, 41, 45
g, 41, 46
b, 41, 47
g, 41, 48
b, 41, 49
r, 42, 0
g, 42, 1
g, 42, 2
g, 42, 3
b, 42, 4
g, 42, 5
b, 42, 6
r, 42, 7
r, 42, 8
g, 42, 9
r, 42, 10
r, 42, 11
r, 42, 12
b, 42, 13
r, 42, 14
b, 42, 15
b, 42, 16
b, 42, 17
g, 42, 18
r, 42, 19
b, 42, 20
r, 42, 21
g, 42, 22
g, 42, 23
b, 42, 24
b, 42, 25
b, 42, 26
r, 42, 27
r, 42, 28
g, 42, 29
b, 42, 30
r, 42, 31
g, 42, 32
r, 42, 33
b, 42, 34
g, 42, 35
b, 42, 36
b, 42, 37
r, 42, 38
r, 42, 39
r, 42, 40
g, 42, 41
r, 42, 42
r, 42, 43
b, 42, 44
g, 42, 45
g, 42, 46
g, 42, 47
g, 42, 48
r, 42, 49
r, 43, 0
b, 43, 1
b, 43, 2
g, 43, 3
r, 43, 4
r, 43, 5
g, 43, 6
r, 43, 7
r, 43, 8
b, 43, 9
g, 43, 10
b, 43, 11
r, 43, 12
b, 43, 13
r, 43, 14
b, 43, 15
g, 43, 16
g, 43, 17
g, 43, 18
r, 43, 19
g, 43, 20
b, 43, 21
g, 43, 22
r, 43, 23
r, 43, 24
g, 43, 25
b, 43, 26
g, 43, 27
b, 43, 28
r, 43, 29
r, 43, 30
r, 43, 31
b, 43, 32
b, 43, 33
g, 43, 34
b, 43, 35
b, 43, 36
g, 43, 37
g, 43, 38
r, 43, 39
b, 43, 40
r, 43, 41
b, 43, 42
b, 43, 43
g, 43, 44
b, 43, 45
r, 43, 46
r, 43, 47
r, 43, 48
g, 43, 49
b, 44, 0
b, 44, 1
g, 44, 2
r, 44, 3
g, 44, 4
r, 44, 5
b, 44, 6
b, 44, 7
b, 44, 8
g, 44, 9
g, 44, 10
g, 44, 11
r, 44, 12
b, 44, 13
r, 44, 14
r, 44, 15
g, 44, 16
g, 44, 17
r, 44, 18
r, 44, 19
g, 44, 20
r, 44, 21
g, 44, 22
r, 44, 23
b, 44, 24
r, 44, 25
g, 44, 26
r, 44, 27
r, 44, 28
g, 44, 29
r, 44, 30
b, 44, 31
r, 44, 32
r, 44, 33
b, 44, 34
r, 44, 35
r, 44, 36
b, 44, 37
r, 44, 38
b, 44, 39
b, 44, 40
g, 44, 41
g, 44, 42
g, 44, 43
b, 44, 44
r, 44, 45
g, 44, 46
r, 44, 47
r, 44, 48
g, 44, 49
r, 45, 0
b, 45, 1
g, 45, 2
b, 45, 3
b, 45, 4
r, 45, 5
r, 45, 6
b, 45, 7
g, 45, 8
r, 45, 9
r, 45, 10
g, 45, 11
g, 45, 12
g, 45, 13
r, 45, 14
r, 45, 15
b, 45, 16
r, 45, 17
r, 45, 18
b, 45, 19
r, 45, 20
b, 45, 21
b, 45, 22
g, 45, 23
g, 45, 24
b, 45, 25
r, 45, 26
g, 45, 27
b, 45, 28
r, 45, 29
b, 45, 30
r, 45, 31
g, 45, 32
b, 45, 33
b, 45, 34
g, 45, 35
g, 45, 36
r, 45, 37
g, 45, 38
r, 45, 39
b, 45, 40
r, 45, 41
b, 45, 42
r, 45, 43
g, 45, 44
b, 45, 45
b, 45, 46
b, 45, 47
r, 45, 48
r, 45, 49
b, 46, 0
b, 46, 1
b, 46, 2
r, 46, 3
g, 46, 4
b, 46, 5
r, 46, 6
b, 46, 7
r, 46, 8
g, 46, 9
r, 46, 10
r, 46, 11
g, 46, 12
r, 46, 13
r, 46, 14
r, 46, 15
r, 46, 16
r, 46, 17
g, 46, 18
g, 46, 19
g, 46, 20
r, 46, 21
b, 46, 22
b, 46, 23
r, 46, 24
b, 46, 25
r, 46, 26
r, 46, 27
b, 46, 28
r, 46, 29
b, 46, 30
b, 46, 31
r, 46, 32
b, 46, 33
b, 46, 34
b, 46, 35
r, 46, 36
r, 46, 37
b, 46, 38
r, 46, 39
g, 46, 40
r, 46, 41
b, 46, 42
b, 46, 43
g, 46, 44
g, 46, 45
r, 46, 46
r, 46, 47
b, 46, 48
g, 46, 49
b, 47, 0
r, 47, 1
g, 47, 2
r, 47, 3
r, 47, 4
r, 47, 5
b, 47, 6
r, 47, 7
g, 47, 8
b, 47, 9
g, 47, 10
r, 47, 11
r, 47, 12
b, 47, 13
g, 47, 14
r, 47, 15
r, 47, 16
g, 47, 17
r, 47, 18
b, 47, 19
b, 47, 20
b, 47, 21
b, 47, 22
r, 47, 23
g, 47, 24
r, 47, 25
b, 47, 26
r, 47, 27
b, 47, 28
b, 47, 29
r, 47, 30
b, 47, 31
g, 47, 32
g, 47, 33
b, 47, 34
r, 47, 35
r, 47, 36
b, 47, 37
b, 47, 38
b, 47, 39
b, 47, 40
g, 47, 41
g, 47, 42
b, 47, 43
g, 47, 44
b, 47, 45
g, 47, 46
b, 47, 47
r, 47, 48
g, 47, 49
b, 48, 0
r, 48, 1
b, 48, 2
r, 48, 3
r, 48, 4
r, 48, 5
r, 48, 6
g, 48, 7
b, 48, 8
b, 48, 9
r, 48, 10
b, 48, 11
g, 48, 12
r, 48, 13
g, 48, 14
r, 48, 15
g, 48, 16
g, 48, 17
g, 48, 18
g, 48, 19
b, 48, 20
g, 48, 21
g, 48, 22
r, 48, 23
g, 48, 24
b, 48, 25
b, 48, 26
g, 48, 27
g, 48, 28
b, 48, 29
r, 48, 30
r, 48, 31
r, 48, 32
b, 48, 33
b, 48, 34
b, 48, 35
g, 48, 36
g, 48, 37
r, 48, 38
r, 48, 39
r, 48, 40
g, 48, 41
b, 48, 42
r, 48, 43
g, 48, 44
r, 48, 45
g, 48, 46
r, 48, 47
r, 48, 48
g, 48, 49
g, 49, 0
g, 49, 1
b, 49, 2
g, 49, 3
g, 49, 4
g, 49, 5
g, 49, 6
g, 49, 7
b, 49, 8
g, 49, 9
r, 49, 10
b, 49, 11
g, 49, 12
b, 49, 13
g, 49, 14
r, 49, 15
r, 49, 16
b, 49, 17
b, 49, 18
b, 49, 19
b, 49, 20
b, 49, 21
r, 49, 22
b, 49, 23
g, 49, 24
r, 49, 25
b, 49, 26
b, 49, 27
r, 49, 28
r, 49, 29
r, 49, 30
r, 49, 31
b, 49, 32
b, 49, 33
r, 49, 34
r, 49, 35
b, 49, 36
g, 49, 37
r, 49, 38
b, 49, 39
g, 49, 40
b, 49, 41
r, 49, 42
b, 49, 43
b, 49, 44
r, 49, 45
g, 49, 46
r, 49, 47
g, 49, 48
b, 49, 49
