dataset,group,c,k,EPS,algorithm,num,div,time
Census_small,Sex,2,10,0.001,scalable_fmmd_ILP,0,31.0,1.350602833001176
Census_small,Sex,2,10,0.001,scalable_fmmd_ILP,1,29.0,0.09086890300022787
Census_small,Sex,2,10,0.001,scalable_fmmd_ILP,2,31.0,0.08092232800117927
Census_small,Sex,2,10,0.001,scalable_fmmd_ILP,3,31.0,0.08141299500130117
Census_small,Sex,2,10,0.001,scalable_fmmd_ILP,4,30.0,0.0862702710001031
Census_small,Sex,2,10,0.001,scalable_fmmd_ILP,5,30.0,0.08417186500082607
Census_small,Sex,2,10,0.001,scalable_fmmd_ILP,6,30.0,0.08878055800232687
Census_small,Sex,2,10,0.001,scalable_fmmd_ILP,7,30.0,0.0869791469995107
Census_small,Sex,2,10,0.001,scalable_fmmd_ILP,8,30.0,2.380038745002821
Census_small,Sex,2,10,0.001,scalable_fmmd_ILP,9,30.0,0.08672216700142599
Census_small,Sex,2,10,0.005,scalable_fmmd_ILP,0,30.0,0.08444576800320647
Census_small,Sex,2,10,0.005,scalable_fmmd_ILP,1,30.0,0.08476201000303263
Census_small,Sex,2,10,0.005,scalable_fmmd_ILP,2,31.0,0.08459014799882425
Census_small,Sex,2,10,0.005,scalable_fmmd_ILP,3,29.0,0.09159745700162603
Census_small,Sex,2,10,0.005,scalable_fmmd_ILP,4,32.0,0.082908092001162
Census_small,Sex,2,10,0.005,scalable_fmmd_ILP,5,30.0,0.0848604439997871
Census_small,Sex,2,10,0.005,scalable_fmmd_ILP,6,29.0,0.12331079100113129
Census_small,Sex,2,10,0.005,scalable_fmmd_ILP,7,31.0,0.11984518899771501
Census_small,Sex,2,10,0.005,scalable_fmmd_ILP,8,31.0,0.1317476229996828
Census_small,Sex,2,10,0.005,scalable_fmmd_ILP,9,31.0,0.11462792800011812
Census_small,Sex,2,10,0.01,scalable_fmmd_ILP,0,30.0,0.22816572800002177
Census_small,Sex,2,10,0.01,scalable_fmmd_ILP,1,30.0,0.08425673500096309
Census_small,Sex,2,10,0.01,scalable_fmmd_ILP,2,31.0,0.08439004400133854
Census_small,Sex,2,10,0.01,scalable_fmmd_ILP,3,31.0,0.22850334999748156
Census_small,Sex,2,10,0.01,scalable_fmmd_ILP,4,31.0,0.08196248300009756
Census_small,Sex,2,10,0.01,scalable_fmmd_ILP,5,28.0,0.09374068599936436
Census_small,Sex,2,10,0.01,scalable_fmmd_ILP,6,30.0,0.08726243700220948
Census_small,Sex,2,10,0.01,scalable_fmmd_ILP,7,31.0,0.14318471799924737
Census_small,Sex,2,10,0.01,scalable_fmmd_ILP,8,30.0,0.08930096100084484
Census_small,Sex,2,10,0.01,scalable_fmmd_ILP,9,32.0,0.08652043899928685
Census_small,Sex,2,10,0.05,scalable_fmmd_ILP,0,31.0,0.12466404299993883
Census_small,Sex,2,10,0.05,scalable_fmmd_ILP,1,31.0,0.0796407990019361
Census_small,Sex,2,10,0.05,scalable_fmmd_ILP,2,30.0,0.0894512519989803
Census_small,Sex,2,10,0.05,scalable_fmmd_ILP,3,32.0,0.07686866400035797
Census_small,Sex,2,10,0.05,scalable_fmmd_ILP,4,31.0,0.08250495900210808
Census_small,Sex,2,10,0.05,scalable_fmmd_ILP,5,28.0,0.16734389100020053
Census_small,Sex,2,10,0.05,scalable_fmmd_ILP,6,31.0,0.08681256600175402
Census_small,Sex,2,10,0.05,scalable_fmmd_ILP,7,30.0,0.08865179699932924
Census_small,Sex,2,10,0.05,scalable_fmmd_ILP,8,32.0,0.07952142599970102
Census_small,Sex,2,10,0.05,scalable_fmmd_ILP,9,30.0,0.08676539799853344
Census_small,Sex,2,10,0.1,scalable_fmmd_ILP,0,30.0,0.08658117199956905
Census_small,Sex,2,10,0.1,scalable_fmmd_ILP,1,32.0,0.0799076490002335
Census_small,Sex,2,10,0.1,scalable_fmmd_ILP,2,29.0,0.12670299599994905
Census_small,Sex,2,10,0.1,scalable_fmmd_ILP,3,31.0,0.08437396500085015
Census_small,Sex,2,10,0.1,scalable_fmmd_ILP,4,28.0,0.13186296899948502
Census_small,Sex,2,10,0.1,scalable_fmmd_ILP,5,32.0,0.08166309299849672
Census_small,Sex,2,10,0.1,scalable_fmmd_ILP,6,28.0,0.1275855979984044
Census_small,Sex,2,10,0.1,scalable_fmmd_ILP,7,30.0,0.09035083400158328
Census_small,Sex,2,10,0.1,scalable_fmmd_ILP,8,31.0,0.08440363900081138
Census_small,Sex,2,10,0.1,scalable_fmmd_ILP,9,34.0,0.0829110380000202
Census_small,Sex,2,10,0.5,scalable_fmmd_ILP,0,31.0,0.08651934799854644
Census_small,Sex,2,10,0.5,scalable_fmmd_ILP,1,24.0,0.13508280200039735
Census_small,Sex,2,10,0.5,scalable_fmmd_ILP,2,33.0,0.08233912699870416
Census_small,Sex,2,10,0.5,scalable_fmmd_ILP,3,30.0,0.08965671599798952
Census_small,Sex,2,10,0.5,scalable_fmmd_ILP,4,31.0,0.09213170599832665
Census_small,Sex,2,10,0.5,scalable_fmmd_ILP,5,31.0,0.08212355500290869
Census_small,Sex,2,10,0.5,scalable_fmmd_ILP,6,31.0,0.09182170599888195
Census_small,Sex,2,10,0.5,scalable_fmmd_ILP,7,32.0,0.08232076299827895
Census_small,Sex,2,10,0.5,scalable_fmmd_ILP,8,19.0,0.1355644540017238
Census_small,Sex,2,10,0.5,scalable_fmmd_ILP,9,31.0,0.0883273889994598
Census_small,Age,7,10,0.001,scalable_fmmd_ILP,0,31.0,0.07404771700021229
Census_small,Age,7,10,0.001,scalable_fmmd_ILP,1,29.0,0.07360071099901688
Census_small,Age,7,10,0.001,scalable_fmmd_ILP,2,31.0,0.07112451899956795
Census_small,Age,7,10,0.001,scalable_fmmd_ILP,3,31.0,0.07279987299989443
Census_small,Age,7,10,0.001,scalable_fmmd_ILP,4,30.0,0.07629540199923213
Census_small,Age,7,10,0.001,scalable_fmmd_ILP,5,30.0,0.07428999100011424
Census_small,Age,7,10,0.001,scalable_fmmd_ILP,6,30.0,0.07607172299685772
Census_small,Age,7,10,0.001,scalable_fmmd_ILP,7,30.0,0.0688193060013873
Census_small,Age,7,10,0.001,scalable_fmmd_ILP,8,31.0,0.8452106919976359
Census_small,Age,7,10,0.001,scalable_fmmd_ILP,9,30.0,0.0864311830009683
Census_small,Age,7,10,0.005,scalable_fmmd_ILP,0,30.0,0.07275482899785857
Census_small,Age,7,10,0.005,scalable_fmmd_ILP,1,30.0,0.0755453679994389
Census_small,Age,7,10,0.005,scalable_fmmd_ILP,2,31.0,0.09647930799837923
Census_small,Age,7,10,0.005,scalable_fmmd_ILP,3,30.0,0.07249234800110571
Census_small,Age,7,10,0.005,scalable_fmmd_ILP,4,30.0,0.37734229499983485
Census_small,Age,7,10,0.005,scalable_fmmd_ILP,5,30.0,0.0749802020000061
Census_small,Age,7,10,0.005,scalable_fmmd_ILP,6,29.0,0.07411236800180632
Census_small,Age,7,10,0.005,scalable_fmmd_ILP,7,31.0,0.06886916000075871
Census_small,Age,7,10,0.005,scalable_fmmd_ILP,8,31.0,0.07426475300235325
Census_small,Age,7,10,0.005,scalable_fmmd_ILP,9,31.0,0.0706551010007388
Census_small,Age,7,10,0.01,scalable_fmmd_ILP,0,29.0,0.27522061099807615
Census_small,Age,7,10,0.01,scalable_fmmd_ILP,1,30.0,0.0760864309995668
Census_small,Age,7,10,0.01,scalable_fmmd_ILP,2,31.0,0.07119730600243201
Census_small,Age,7,10,0.01,scalable_fmmd_ILP,3,31.0,0.17122381000081077
Census_small,Age,7,10,0.01,scalable_fmmd_ILP,4,30.0,0.1619258760001685
Census_small,Age,7,10,0.01,scalable_fmmd_ILP,5,28.0,0.07887384499917971
Census_small,Age,7,10,0.01,scalable_fmmd_ILP,6,30.0,0.08602999199865735
Census_small,Age,7,10,0.01,scalable_fmmd_ILP,7,32.0,0.07222073999946588
Census_small,Age,7,10,0.01,scalable_fmmd_ILP,8,30.0,0.07186899099906441
Census_small,Age,7,10,0.01,scalable_fmmd_ILP,9,31.0,0.0729647610023676
Census_small,Age,7,10,0.05,scalable_fmmd_ILP,0,30.0,0.09585462000177358
Census_small,Age,7,10,0.05,scalable_fmmd_ILP,1,30.0,0.09185698100191075
Census_small,Age,7,10,0.05,scalable_fmmd_ILP,2,29.0,0.11659730199971818
Census_small,Age,7,10,0.05,scalable_fmmd_ILP,3,31.0,0.08946691100209136
Census_small,Age,7,10,0.05,scalable_fmmd_ILP,4,28.0,0.12136924899823498
Census_small,Age,7,10,0.05,scalable_fmmd_ILP,5,30.0,0.08991988900015713
Census_small,Age,7,10,0.05,scalable_fmmd_ILP,6,30.0,0.09496976499940502
Census_small,Age,7,10,0.05,scalable_fmmd_ILP,7,30.0,0.0708882069993706
Census_small,Age,7,10,0.05,scalable_fmmd_ILP,8,29.0,0.12484954999672482
Census_small,Age,7,10,0.05,scalable_fmmd_ILP,9,30.0,0.09846148699944024
Census_small,Age,7,10,0.1,scalable_fmmd_ILP,0,27.0,0.10607145299945842
Census_small,Age,7,10,0.1,scalable_fmmd_ILP,1,32.0,0.06933963000119547
Census_small,Age,7,10,0.1,scalable_fmmd_ILP,2,26.0,0.12715625499913585
Census_small,Age,7,10,0.1,scalable_fmmd_ILP,3,31.0,0.06891961500150501
Census_small,Age,7,10,0.1,scalable_fmmd_ILP,4,31.0,0.0729616159987927
Census_small,Age,7,10,0.1,scalable_fmmd_ILP,5,29.0,0.09851758099830477
Census_small,Age,7,10,0.1,scalable_fmmd_ILP,6,28.0,0.09764443899985054
Census_small,Age,7,10,0.1,scalable_fmmd_ILP,7,27.0,0.10389952900004573
Census_small,Age,7,10,0.1,scalable_fmmd_ILP,8,28.0,0.10257324899794185
Census_small,Age,7,10,0.1,scalable_fmmd_ILP,9,34.0,0.06499575400084723
Census_small,Age,7,10,0.5,scalable_fmmd_ILP,0,31.0,0.0689521460008109
Census_small,Age,7,10,0.5,scalable_fmmd_ILP,1,31.0,0.07050494999930379
Census_small,Age,7,10,0.5,scalable_fmmd_ILP,2,17.0,0.11998365700128488
Census_small,Age,7,10,0.5,scalable_fmmd_ILP,3,30.0,0.07197196400011308
Census_small,Age,7,10,0.5,scalable_fmmd_ILP,4,30.0,0.07477607999680913
Census_small,Age,7,10,0.5,scalable_fmmd_ILP,5,31.0,0.07255566700041527
Census_small,Age,7,10,0.5,scalable_fmmd_ILP,6,30.0,0.07413517999884789
Census_small,Age,7,10,0.5,scalable_fmmd_ILP,7,16.0,0.13166985899806605
Census_small,Age,7,10,0.5,scalable_fmmd_ILP,8,31.0,0.07353524900099728
Census_small,Age,7,10,0.5,scalable_fmmd_ILP,9,29.0,0.07950526600325247
twitter_small,Sex,3,10,0.001,scalable_fmmd_ILP,0,1.4636950620210047,1.1359366889992089
twitter_small,Sex,3,10,0.001,scalable_fmmd_ILP,1,1.4552854421850245,1.194087366999156
twitter_small,Sex,3,10,0.001,scalable_fmmd_ILP,2,1.4553067919297282,1.2496221929977764
twitter_small,Sex,3,10,0.001,scalable_fmmd_ILP,3,1.4612947632046807,2.542443837999599
twitter_small,Sex,3,10,0.001,scalable_fmmd_ILP,4,1.4686218955558936,1.219557142998383
twitter_small,Sex,3,10,0.001,scalable_fmmd_ILP,5,1.4626322238505314,5.241407631001493
twitter_small,Sex,3,10,0.001,scalable_fmmd_ILP,6,1.4559705198960504,2.8732026319994475
twitter_small,Sex,3,10,0.001,scalable_fmmd_ILP,7,1.4688594291612243,1.1650667909998447
twitter_small,Sex,3,10,0.001,scalable_fmmd_ILP,8,1.459281218607635,1.253101311998762
twitter_small,Sex,3,10,0.001,scalable_fmmd_ILP,9,1.4627650282653164,1.2720648260001326
twitter_small,Sex,3,10,0.005,scalable_fmmd_ILP,0,1.4710007867359942,1.2076131089997943
twitter_small,Sex,3,10,0.005,scalable_fmmd_ILP,1,1.4551714544715875,1.3167557570013741
twitter_small,Sex,3,10,0.005,scalable_fmmd_ILP,2,1.452213848156048,1.2820146390004084
twitter_small,Sex,3,10,0.005,scalable_fmmd_ILP,3,1.4686218955558936,1.2128111430029094
twitter_small,Sex,3,10,0.005,scalable_fmmd_ILP,4,1.4715464091009554,1.1875875489968166
twitter_small,Sex,3,10,0.005,scalable_fmmd_ILP,5,1.4471955487392931,1.2848362169970642
twitter_small,Sex,3,10,0.005,scalable_fmmd_ILP,6,1.4694736957732522,1.1430252179998206
twitter_small,Sex,3,10,0.005,scalable_fmmd_ILP,7,1.4404080715650784,1.3400072029980947
twitter_small,Sex,3,10,0.005,scalable_fmmd_ILP,8,1.4415848187352123,1.322696179999184
twitter_small,Sex,3,10,0.005,scalable_fmmd_ILP,9,1.4436400511610732,1.2156394039993756
twitter_small,Sex,3,10,0.01,scalable_fmmd_ILP,0,1.458772010548417,1.363019942000392
twitter_small,Sex,3,10,0.01,scalable_fmmd_ILP,1,1.4461997241479356,1.2480350049991102
twitter_small,Sex,3,10,0.01,scalable_fmmd_ILP,2,1.4577529333319503,1.21037458399951
twitter_small,Sex,3,10,0.01,scalable_fmmd_ILP,3,1.456578928745629,1.2199182879994623
twitter_small,Sex,3,10,0.01,scalable_fmmd_ILP,4,1.4633112728631172,1.2235773039974447
twitter_small,Sex,3,10,0.01,scalable_fmmd_ILP,5,1.4436054333961985,1.2914092430000892
twitter_small,Sex,3,10,0.01,scalable_fmmd_ILP,6,1.4604634040588222,1.1888251730015327
twitter_small,Sex,3,10,0.01,scalable_fmmd_ILP,7,1.457128326971057,1.2363121349990251
twitter_small,Sex,3,10,0.01,scalable_fmmd_ILP,8,1.4710077375887036,1.289289006999752
twitter_small,Sex,3,10,0.01,scalable_fmmd_ILP,9,1.4596316887030973,1.2366588939985377
twitter_small,Sex,3,10,0.05,scalable_fmmd_ILP,0,1.4533396163437138,1.3716238860033627
twitter_small,Sex,3,10,0.05,scalable_fmmd_ILP,1,1.4644192268317484,1.2086653279984603
twitter_small,Sex,3,10,0.05,scalable_fmmd_ILP,2,1.405176775433793,1.9615705600008368
twitter_small,Sex,3,10,0.05,scalable_fmmd_ILP,3,1.4686218955558936,1.2129271300000255
twitter_small,Sex,3,10,0.05,scalable_fmmd_ILP,4,1.4683685392818735,1.3733235649997368
twitter_small,Sex,3,10,0.05,scalable_fmmd_ILP,5,1.4686218955558936,1.232974941998691
twitter_small,Sex,3,10,0.05,scalable_fmmd_ILP,6,1.4585186054933823,1.2589923719970102
twitter_small,Sex,3,10,0.05,scalable_fmmd_ILP,7,1.470722705367281,1.1557543000017176
twitter_small,Sex,3,10,0.05,scalable_fmmd_ILP,8,1.4387233950958778,1.4131207819991687
twitter_small,Sex,3,10,0.05,scalable_fmmd_ILP,9,1.4532244358776678,1.3544472440007667
twitter_small,Sex,3,10,0.1,scalable_fmmd_ILP,0,1.459337770005275,1.3062591019988758
twitter_small,Sex,3,10,0.1,scalable_fmmd_ILP,1,1.4613266116907828,1.2334469350025756
twitter_small,Sex,3,10,0.1,scalable_fmmd_ILP,2,1.4454892781220252,1.291115242001979
twitter_small,Sex,3,10,0.1,scalable_fmmd_ILP,3,1.4686218955558936,1.2095324990004883
twitter_small,Sex,3,10,0.1,scalable_fmmd_ILP,4,1.3288358342917457,1.8949554550017638
twitter_small,Sex,3,10,0.1,scalable_fmmd_ILP,5,1.3346835809758721,1.8969721970024693
twitter_small,Sex,3,10,0.1,scalable_fmmd_ILP,6,1.3354267472226302,1.851204302001861
twitter_small,Sex,3,10,0.1,scalable_fmmd_ILP,7,1.4581387995297133,1.2522850749992358
twitter_small,Sex,3,10,0.1,scalable_fmmd_ILP,8,1.4617267545114083,1.23517220299982
twitter_small,Sex,3,10,0.1,scalable_fmmd_ILP,9,1.342583490406485,1.9161363870007335
twitter_small,Sex,3,10,0.5,scalable_fmmd_ILP,0,1.354360461668549,1.8622531009968952
twitter_small,Sex,3,10,0.5,scalable_fmmd_ILP,1,1.4434455828282855,1.3986633180029457
twitter_small,Sex,3,10,0.5,scalable_fmmd_ILP,2,1.4528696432903263,1.284324939999351
twitter_small,Sex,3,10,0.5,scalable_fmmd_ILP,3,1.4467564778744721,1.2477716129978944
twitter_small,Sex,3,10,0.5,scalable_fmmd_ILP,4,1.4511483520939086,1.3307686900006956
twitter_small,Sex,3,10,0.5,scalable_fmmd_ILP,5,1.4600566877932417,1.164511691997177
twitter_small,Sex,3,10,0.5,scalable_fmmd_ILP,6,1.4526960447349109,1.1967119469991303
twitter_small,Sex,3,10,0.5,scalable_fmmd_ILP,7,1.4518462391746476,1.3410542109995731
twitter_small,Sex,3,10,0.5,scalable_fmmd_ILP,8,1.4565186188530677,1.3022097869979916
twitter_small,Sex,3,10,0.5,scalable_fmmd_ILP,9,1.4628110531708065,1.2388764530005574
celebA_small,Sex,2,10,0.001,scalable_fmmd_modified_greedy,0,122556.56068600029,3.2476453729977948
celebA_small,Sex,2,10,0.001,scalable_fmmd_ILP,0,117456.01908999984,3.2565682229978847
celebA_small,Sex,2,10,0.001,scalable_fmmd_modified_greedy,1,121944.40435199974,3.381153088997962
celebA_small,Sex,2,10,0.001,scalable_fmmd_ILP,1,121944.40435199974,3.2687415969994618
celebA_small,Sex,2,10,0.001,scalable_fmmd_modified_greedy,2,124282.1653669999,2.9620481809979538
celebA_small,Sex,2,10,0.001,scalable_fmmd_ILP,2,124282.1653669999,3.0465935150023142
celebA_small,Sex,2,10,0.001,scalable_fmmd_modified_greedy,3,87289.97757999989,14.004562834001263
celebA_small,Sex,2,10,0.001,scalable_fmmd_ILP,3,87289.97757999989,13.278365472997393
celebA_small,Sex,2,10,0.001,scalable_fmmd_modified_greedy,4,98841.10538100003,36.0051748750011
celebA_small,Sex,2,10,0.001,scalable_fmmd_ILP,4,98841.10538100003,1928.7561614719998
celebA_small,Sex,2,10,0.001,scalable_fmmd_modified_greedy,5,127845.42782099986,295.04275449099805
celebA_small,Sex,2,10,0.001,scalable_fmmd_ILP,5,117456.01908999984,333.7282738039976
celebA_small,Sex,2,10,0.001,scalable_fmmd_modified_greedy,6,98294.8161900002,1481.7260073940015
celebA_small,Sex,2,10,0.001,scalable_fmmd_ILP,6,98294.8161900002,1446.0152071250013
celebA_small,Sex,2,10,0.001,scalable_fmmd_modified_greedy,7,124282.1653669999,289.5874704939997
celebA_small,Sex,2,10,0.001,scalable_fmmd_ILP,7,117456.01908999984,338.0378744569971
celebA_small,Sex,2,10,0.001,scalable_fmmd_modified_greedy,8,124415.69289799976,312.1093660530023
celebA_small,Sex,2,10,0.001,scalable_fmmd_ILP,8,117456.01908999984,348.0690290329985
celebA_small,Sex,2,10,0.001,scalable_fmmd_modified_greedy,9,92239.4825719999,286.2110821399983
celebA_small,Sex,2,10,0.001,scalable_fmmd_ILP,9,92239.4825719999,274.14040741299686
celebA_small,Sex,2,10,0.005,scalable_fmmd_modified_greedy,0,119226.42826099994,270.30151869999827
celebA_small,Sex,2,10,0.005,scalable_fmmd_ILP,0,117456.01908999984,333.8538891299977
celebA_small,Sex,2,10,0.005,scalable_fmmd_modified_greedy,1,103793.16830200017,894.1817555220041
celebA_small,Sex,2,10,0.005,scalable_fmmd_ILP,1,103793.16830200017,830.3996085460021
celebA_small,Sex,2,10,0.005,scalable_fmmd_modified_greedy,2,103985.4288099999,317.8805339679966
celebA_small,Sex,2,10,0.005,scalable_fmmd_ILP,2,103985.4288099999,248.8339802900009
celebA_small,Sex,2,10,0.005,scalable_fmmd_modified_greedy,3,88036.51872799991,698.3149422150018
celebA_small,Sex,2,10,0.005,scalable_fmmd_ILP,3,88036.51872799991,722.0430778539958
celebA_small,Sex,2,10,0.005,scalable_fmmd_modified_greedy,4,85018.10662100016,701.0887589679987
celebA_small,Sex,2,10,0.005,scalable_fmmd_ILP,4,85018.10662100016,676.6590044530021
celebA_small,Sex,2,10,0.005,scalable_fmmd_modified_greedy,5,91466.09200800002,552.3824532240033
celebA_small,Sex,2,10,0.005,scalable_fmmd_ILP,5,91466.09200800002,506.4781876660054
celebA_small,Sex,2,10,0.005,scalable_fmmd_modified_greedy,6,98363.01642799986,550.6509067000006
celebA_small,Sex,2,10,0.005,scalable_fmmd_ILP,6,98363.01642799986,509.5512539420015
celebA_small,Sex,2,10,0.005,scalable_fmmd_modified_greedy,7,101221.1096519999,259.8032013070042
celebA_small,Sex,2,10,0.005,scalable_fmmd_ILP,7,101221.1096519999,275.8264252320005
celebA_small,Sex,2,10,0.005,scalable_fmmd_modified_greedy,8,95280.86054199995,614.4225968579995
celebA_small,Sex,2,10,0.005,scalable_fmmd_ILP,8,95280.86054199995,621.9270345859986
celebA_small,Sex,2,10,0.005,scalable_fmmd_modified_greedy,9,121944.40435199974,333.93582145500113
celebA_small,Sex,2,10,0.005,scalable_fmmd_ILP,9,117456.01908999984,291.26420562899875
celebA_small,Sex,2,10,0.01,scalable_fmmd_modified_greedy,0,124415.69289799976,673.357521948994
celebA_small,Sex,2,10,0.01,scalable_fmmd_ILP,0,93502.314808,682.5501595690002
celebA_small,Sex,2,10,0.01,scalable_fmmd_modified_greedy,1,91824.80484599996,464.8029873129999
celebA_small,Sex,2,10,0.01,scalable_fmmd_ILP,1,91824.80484599996,434.12219145400013
celebA_small,Sex,2,10,0.01,scalable_fmmd_modified_greedy,2,85025.03193800015,351.75554778199876
celebA_small,Sex,2,10,0.01,scalable_fmmd_ILP,2,85025.03193800015,304.3215560750032
celebA_small,Sex,2,10,0.01,scalable_fmmd_modified_greedy,3,119226.42826099994,263.2437529689996
celebA_small,Sex,2,10,0.01,scalable_fmmd_ILP,3,117456.01908999984,271.3553628899972
celebA_small,Sex,2,10,0.01,scalable_fmmd_modified_greedy,4,124282.1653669999,230.08491244800098
celebA_small,Sex,2,10,0.01,scalable_fmmd_ILP,4,117456.01908999984,276.64169995099655
celebA_small,Sex,2,10,0.01,scalable_fmmd_modified_greedy,5,121944.40435199974,237.5450273519964
celebA_small,Sex,2,10,0.01,scalable_fmmd_ILP,5,117456.01908999984,270.1954846000008
celebA_small,Sex,2,10,0.01,scalable_fmmd_modified_greedy,6,100646.39566999985,346.4336519310018
celebA_small,Sex,2,10,0.01,scalable_fmmd_ILP,6,100646.39566999985,392.4301827149975
celebA_small,Sex,2,10,0.01,scalable_fmmd_modified_greedy,7,121944.40435199974,307.9449988619963
celebA_small,Sex,2,10,0.01,scalable_fmmd_ILP,7,117456.01908999984,305.4888163729993
celebA_small,Sex,2,10,0.01,scalable_fmmd_modified_greedy,8,119226.42826099994,281.9327507889975
celebA_small,Sex,2,10,0.01,scalable_fmmd_ILP,8,117486.20993199968,321.1722790480053
celebA_small,Sex,2,10,0.01,scalable_fmmd_modified_greedy,9,117456.01908999984,297.6174641519974
celebA_small,Sex,2,10,0.01,scalable_fmmd_ILP,9,117486.20993199968,243.36475435200555
celebA_small,Sex,2,10,0.05,scalable_fmmd_modified_greedy,0,121944.40435199974,218.15135986899986
celebA_small,Sex,2,10,0.05,scalable_fmmd_ILP,0,117456.01908999984,232.18619845699868
celebA_small,Sex,2,10,0.05,scalable_fmmd_modified_greedy,1,119226.42826099994,275.7226462300023
celebA_small,Sex,2,10,0.05,scalable_fmmd_ILP,1,103582.6038650001,298.1677504010004
celebA_small,Sex,2,10,0.05,scalable_fmmd_modified_greedy,2,124282.1653669999,289.3791509560033
celebA_small,Sex,2,10,0.05,scalable_fmmd_ILP,2,121944.40435199974,228.59938042900467
celebA_small,Sex,2,10,0.05,scalable_fmmd_modified_greedy,3,121845.2495669999,364.2199155300041
celebA_small,Sex,2,10,0.05,scalable_fmmd_ILP,3,121845.2495669999,392.17345167799795
celebA_small,Sex,2,10,0.05,scalable_fmmd_modified_greedy,4,119663.80601100008,306.52402574400185
celebA_small,Sex,2,10,0.05,scalable_fmmd_ILP,4,89598.25651699999,372.38987103299587
celebA_small,Sex,2,10,0.05,scalable_fmmd_modified_greedy,5,94969.17400100015,326.6013964290032
celebA_small,Sex,2,10,0.05,scalable_fmmd_ILP,5,94969.17400100015,303.0530731149993
celebA_small,Sex,2,10,0.05,scalable_fmmd_modified_greedy,6,121845.2495669999,428.23380145100236
celebA_small,Sex,2,10,0.05,scalable_fmmd_ILP,6,121944.40435199974,359.82912974600185
celebA_small,Sex,2,10,0.05,scalable_fmmd_modified_greedy,7,121944.40435199974,359.92173190300673
celebA_small,Sex,2,10,0.05,scalable_fmmd_ILP,7,119663.80601100008,430.8951473230045
celebA_small,Sex,2,10,0.05,scalable_fmmd_modified_greedy,8,124415.69289799976,324.72087383399776
celebA_small,Sex,2,10,0.05,scalable_fmmd_ILP,8,119226.42826099994,305.34880507100024
celebA_small,Sex,2,10,0.05,scalable_fmmd_modified_greedy,9,121944.40435199974,323.4792491140033
celebA_small,Sex,2,10,0.05,scalable_fmmd_ILP,9,86952.45642799998,384.3307790730032
celebA_small,Sex,2,10,0.1,scalable_fmmd_modified_greedy,0,127845.42782099986,268.1503872570029
celebA_small,Sex,2,10,0.1,scalable_fmmd_ILP,0,117456.01908999984,232.9065041299982
celebA_small,Sex,2,10,0.1,scalable_fmmd_modified_greedy,1,98936.82228799992,284.872607143996
celebA_small,Sex,2,10,0.1,scalable_fmmd_ILP,1,98936.82228799992,197.43431330900057
celebA_small,Sex,2,10,0.1,scalable_fmmd_modified_greedy,2,117456.01908999984,250.62333328900422
celebA_small,Sex,2,10,0.1,scalable_fmmd_ILP,2,119226.42826099994,350.813758545999
celebA_small,Sex,2,10,0.1,scalable_fmmd_modified_greedy,3,119226.42826099994,412.3802937090004
celebA_small,Sex,2,10,0.1,scalable_fmmd_ILP,3,120894.88036099994,408.96100255099736
celebA_small,Sex,2,10,0.1,scalable_fmmd_modified_greedy,4,117245.55218799977,291.45852428299986
celebA_small,Sex,2,10,0.1,scalable_fmmd_ILP,4,117245.55218799977,248.68724314800056
celebA_small,Sex,2,10,0.1,scalable_fmmd_modified_greedy,5,86796.83434000003,357.70033807399886
celebA_small,Sex,2,10,0.1,scalable_fmmd_ILP,5,113059.97379100007,379.0777611520025
celebA_small,Sex,2,10,0.1,scalable_fmmd_modified_greedy,6,119226.42826099994,289.47724560200004
celebA_small,Sex,2,10,0.1,scalable_fmmd_ILP,6,117456.01908999984,291.3235173209978
celebA_small,Sex,2,10,0.1,scalable_fmmd_modified_greedy,7,116886.03087299997,386.0258683629945
celebA_small,Sex,2,10,0.1,scalable_fmmd_ILP,7,113059.97379100007,394.6706526380003
celebA_small,Sex,2,10,0.1,scalable_fmmd_modified_greedy,8,124282.1653669999,230.94128384799842
celebA_small,Sex,2,10,0.1,scalable_fmmd_ILP,8,117456.01908999984,227.12042166500032
celebA_small,Sex,2,10,0.1,scalable_fmmd_modified_greedy,9,117456.01908999984,215.52831517099548
celebA_small,Sex,2,10,0.1,scalable_fmmd_ILP,9,117456.01908999984,245.9017029070019
celebA_small,Sex,2,10,0.5,scalable_fmmd_modified_greedy,0,88951.6524769999,419.03626525500295
celebA_small,Sex,2,10,0.5,scalable_fmmd_ILP,0,85034.75410400027,443.4759896999967
celebA_small,Sex,2,10,0.5,scalable_fmmd_modified_greedy,1,78852.822867,486.0727280409992
celebA_small,Sex,2,10,0.5,scalable_fmmd_ILP,1,85640.176439,395.2998395859977
celebA_small,Sex,2,10,0.5,scalable_fmmd_modified_greedy,2,89016.82470300025,452.4173616629996
celebA_small,Sex,2,10,0.5,scalable_fmmd_ILP,2,89016.82470300025,451.23523836099776
celebA_small,Sex,2,10,0.5,scalable_fmmd_modified_greedy,3,100072.5514979998,283.60119226000097
celebA_small,Sex,2,10,0.5,scalable_fmmd_ILP,3,100072.5514979998,304.5137207940061
celebA_small,Sex,2,10,0.5,scalable_fmmd_modified_greedy,4,121944.40435199974,222.78370139800245
celebA_small,Sex,2,10,0.5,scalable_fmmd_ILP,4,119226.42826099994,236.7591044120054
celebA_small,Sex,2,10,0.5,scalable_fmmd_modified_greedy,5,117486.20993199968,255.53504239900212
celebA_small,Sex,2,10,0.5,scalable_fmmd_ILP,5,121944.40435199974,326.32826550999016
celebA_small,Sex,2,10,0.5,scalable_fmmd_modified_greedy,6,85193.44731299984,335.5991734669951
celebA_small,Sex,2,10,0.5,scalable_fmmd_ILP,6,83411.44756099995,366.253063629003
celebA_small,Sex,2,10,0.5,scalable_fmmd_modified_greedy,7,97784.46735400002,370.1040907429997
celebA_small,Sex,2,10,0.5,scalable_fmmd_ILP,7,113059.97379100007,390.8462204649986
celebA_small,Sex,2,10,0.5,scalable_fmmd_modified_greedy,8,124282.1653669999,300.9639542840014
celebA_small,Sex,2,10,0.5,scalable_fmmd_ILP,8,124282.1653669999,322.3851605259988
celebA_small,Sex,2,10,0.5,scalable_fmmd_modified_greedy,9,117456.01908999984,306.6177109810087
celebA_small,Sex,2,10,0.5,scalable_fmmd_ILP,9,117456.01908999984,323.2739775630034
celebA_small,Age,2,10,0.001,scalable_fmmd_modified_greedy,0,122556.56068600029,322.7153887129971
celebA_small,Age,2,10,0.001,scalable_fmmd_ILP,0,122556.56068600029,317.2829881170037
celebA_small,Age,2,10,0.001,scalable_fmmd_modified_greedy,1,91228.11505000018,4000.213696920997
celebA_small,Age,2,10,0.001,scalable_fmmd_ILP,1,91228.11505000018,4312.226072160003
celebA_small,Age,2,10,0.001,scalable_fmmd_modified_greedy,2,124282.1653669999,208.58311983500607
celebA_small,Age,2,10,0.001,scalable_fmmd_ILP,2,124282.1653669999,328.61974410599214
celebA_small,Age,2,10,0.001,scalable_fmmd_modified_greedy,3,118524.1910760002,355.3912789330061
celebA_small,Age,2,10,0.001,scalable_fmmd_ILP,3,89250.80095000006,262.4470028060023
celebA_small,Age,2,10,0.001,scalable_fmmd_modified_greedy,4,120137.03682299981,288.47009277599864
celebA_small,Age,2,10,0.001,scalable_fmmd_ILP,4,119663.80601100008,203.62474258599104
celebA_small,Age,2,10,0.001,scalable_fmmd_modified_greedy,5,95530.00700400022,10445.725464103001
celebA_small,Age,2,10,0.001,scalable_fmmd_ILP,5,95530.00700400022,10022.877383439001
celebA_small,Age,2,10,0.001,scalable_fmmd_modified_greedy,6,118524.1910760002,3.4220026130060432
celebA_small,Age,2,10,0.001,scalable_fmmd_ILP,6,118524.1910760002,3.4507683269912377
celebA_small,Age,2,10,0.001,scalable_fmmd_modified_greedy,7,124282.1653669999,3.4496313910058234
celebA_small,Age,2,10,0.001,scalable_fmmd_ILP,7,124282.1653669999,3.430069972993806
celebA_small,Age,2,10,0.001,scalable_fmmd_modified_greedy,8,127974.58948100015,3.266304092001519
celebA_small,Age,2,10,0.001,scalable_fmmd_ILP,8,125780.62177300005,3.285507107997546
celebA_small,Age,2,10,0.001,scalable_fmmd_modified_greedy,9,92239.4825719999,3.1560264349973295
celebA_small,Age,2,10,0.001,scalable_fmmd_ILP,9,92239.4825719999,3.1835375529917656
celebA_small,Age,2,10,0.005,scalable_fmmd_modified_greedy,0,121653.02960600013,3.442261365999002
celebA_small,Age,2,10,0.005,scalable_fmmd_ILP,0,116622.12212700017,3.4501370870129904
celebA_small,Age,2,10,0.005,scalable_fmmd_modified_greedy,1,118039.5105169999,3.30275810600142
celebA_small,Age,2,10,0.005,scalable_fmmd_ILP,1,106763.10209699994,3.329531533003319
celebA_small,Age,2,10,0.005,scalable_fmmd_modified_greedy,2,103985.4288099999,3.162279010997736
celebA_small,Age,2,10,0.005,scalable_fmmd_ILP,2,103985.4288099999,3.176412746004644
celebA_small,Age,2,10,0.005,scalable_fmmd_modified_greedy,3,122965.53799300006,3.2856420110038016
celebA_small,Age,2,10,0.005,scalable_fmmd_ILP,3,118937.93766699977,3.2722527279984206
celebA_small,Age,2,10,0.005,scalable_fmmd_modified_greedy,4,118039.5105169999,3.4280686499987496
celebA_small,Age,2,10,0.005,scalable_fmmd_ILP,4,118039.5105169999,3.42379475600319
celebA_small,Age,2,10,0.005,scalable_fmmd_modified_greedy,5,121694.29237999991,3.40482981299283
celebA_small,Age,2,10,0.005,scalable_fmmd_ILP,5,121694.29237999991,3.4373089830041863
celebA_small,Age,2,10,0.005,scalable_fmmd_modified_greedy,6,121694.29237999991,3.426188101992011
celebA_small,Age,2,10,0.005,scalable_fmmd_ILP,6,121694.29237999991,3.4248977289971663
celebA_small,Age,2,10,0.005,scalable_fmmd_modified_greedy,7,123529.84548699987,23.664482871012297
celebA_small,Age,2,10,0.005,scalable_fmmd_ILP,7,123529.84548699987,23.793849099994986
celebA_small,Age,2,10,0.005,scalable_fmmd_modified_greedy,8,122965.53799300006,3.2756998950062552
celebA_small,Age,2,10,0.005,scalable_fmmd_ILP,8,120140.61580499996,3.2997857559967088
celebA_small,Age,2,10,0.005,scalable_fmmd_modified_greedy,9,121694.29237999991,3.417651174997445
celebA_small,Age,2,10,0.005,scalable_fmmd_ILP,9,121694.29237999991,3.4259725689917104
celebA_small,Age,2,10,0.01,scalable_fmmd_modified_greedy,0,112804.01312200027,3.277139878991875
celebA_small,Age,2,10,0.01,scalable_fmmd_ILP,0,96139.09284999999,3.278623635007534
celebA_small,Age,2,10,0.01,scalable_fmmd_modified_greedy,1,119663.80601100008,3.277467941996292
celebA_small,Age,2,10,0.01,scalable_fmmd_ILP,1,119663.80601100008,3.2811944730055984
celebA_small,Age,2,10,0.01,scalable_fmmd_modified_greedy,2,119663.80601100008,3.2561975170101505
celebA_small,Age,2,10,0.01,scalable_fmmd_ILP,2,119663.80601100008,3.2563982630090322
celebA_small,Age,2,10,0.01,scalable_fmmd_modified_greedy,3,123354.87987900013,3.394153333007125
celebA_small,Age,2,10,0.01,scalable_fmmd_ILP,3,123529.84548699987,3.4178651649999665
celebA_small,Age,2,10,0.01,scalable_fmmd_modified_greedy,4,97286.2969610001,19.36368508799933
celebA_small,Age,2,10,0.01,scalable_fmmd_ILP,4,97286.2969610001,19.391927745004068
celebA_small,Age,2,10,0.01,scalable_fmmd_modified_greedy,5,122965.53799300006,3.2564638160110917
celebA_small,Age,2,10,0.01,scalable_fmmd_ILP,5,121015.77337899998,3.266161484993063
celebA_small,Age,2,10,0.01,scalable_fmmd_modified_greedy,6,121694.29237999991,3.2726838850066997
celebA_small,Age,2,10,0.01,scalable_fmmd_ILP,6,115122.1215510004,3.2776520369952777
celebA_small,Age,2,10,0.01,scalable_fmmd_modified_greedy,7,122965.53799300006,3.2451375810051104
celebA_small,Age,2,10,0.01,scalable_fmmd_ILP,7,120140.61580499996,3.2589365699968766
celebA_small,Age,2,10,0.01,scalable_fmmd_modified_greedy,8,125756.64916700011,3.3828166789899115
celebA_small,Age,2,10,0.01,scalable_fmmd_ILP,8,115344.71882800058,3.396347007001168
celebA_small,Age,2,10,0.01,scalable_fmmd_modified_greedy,9,125418.24816100011,3.2630248779896647
celebA_small,Age,2,10,0.01,scalable_fmmd_ILP,9,112819.24553099993,3.270739517000038
celebA_small,Age,2,10,0.05,scalable_fmmd_modified_greedy,0,122965.53799300006,4.625914097996429
celebA_small,Age,2,10,0.05,scalable_fmmd_ILP,0,91700.76825200005,4.622265022000647
celebA_small,Age,2,10,0.05,scalable_fmmd_modified_greedy,1,120334.69690799998,3.2428318279999075
celebA_small,Age,2,10,0.05,scalable_fmmd_ILP,1,120334.69690799998,3.263139864007826
celebA_small,Age,2,10,0.05,scalable_fmmd_modified_greedy,2,123529.84548699987,3.2470815580018098
celebA_small,Age,2,10,0.05,scalable_fmmd_ILP,2,123529.84548699987,3.2391963779955404
celebA_small,Age,2,10,0.05,scalable_fmmd_modified_greedy,3,121653.02960600013,3.3999954809987685
celebA_small,Age,2,10,0.05,scalable_fmmd_ILP,3,112819.24553099993,3.4096619519987144
celebA_small,Age,2,10,0.05,scalable_fmmd_modified_greedy,4,93349.47535000004,3.1286245329974918
celebA_small,Age,2,10,0.05,scalable_fmmd_ILP,4,93349.47535000004,3.1337250219949055
celebA_small,Age,2,10,0.05,scalable_fmmd_modified_greedy,5,129871.46701800016,3.4197169490071246
celebA_small,Age,2,10,0.05,scalable_fmmd_ILP,5,121155.1237640001,3.396289317999617
celebA_small,Age,2,10,0.05,scalable_fmmd_modified_greedy,6,121766.46889200009,3.402223277997109
celebA_small,Age,2,10,0.05,scalable_fmmd_ILP,6,117405.03938200024,3.4250214399944525
celebA_small,Age,2,10,0.05,scalable_fmmd_modified_greedy,7,119663.80601100008,3.3982719070045277
celebA_small,Age,2,10,0.05,scalable_fmmd_ILP,7,119663.80601100008,3.4017969699925743
celebA_small,Age,2,10,0.05,scalable_fmmd_modified_greedy,8,123529.84548699987,3.258131363996654
celebA_small,Age,2,10,0.05,scalable_fmmd_ILP,8,119366.8426039999,3.2691812529956223
celebA_small,Age,2,10,0.05,scalable_fmmd_modified_greedy,9,127974.58948100015,3.384764392001671
celebA_small,Age,2,10,0.05,scalable_fmmd_ILP,9,116622.12212700017,3.3966861609951593
celebA_small,Age,2,10,0.1,scalable_fmmd_modified_greedy,0,127845.42782099986,3.207702582993079
celebA_small,Age,2,10,0.1,scalable_fmmd_ILP,0,127845.42782099986,3.2113029250031104
celebA_small,Age,2,10,0.1,scalable_fmmd_modified_greedy,1,121015.77337899998,3.411738756010891
celebA_small,Age,2,10,0.1,scalable_fmmd_ILP,1,98936.82228799992,3.407848478993401
celebA_small,Age,2,10,0.1,scalable_fmmd_modified_greedy,2,122965.53799300006,3.2680613989941776
celebA_small,Age,2,10,0.1,scalable_fmmd_ILP,2,118524.1910760002,3.2892180110065965
celebA_small,Age,2,10,0.1,scalable_fmmd_modified_greedy,3,119663.80601100008,3.2576018950057914
celebA_small,Age,2,10,0.1,scalable_fmmd_ILP,3,115122.1215510004,3.2701385029940866
celebA_small,Age,2,10,0.1,scalable_fmmd_modified_greedy,4,121204.7082279997,3.322292564000236
celebA_small,Age,2,10,0.1,scalable_fmmd_ILP,4,121204.7082279997,3.323126413000864
celebA_small,Age,2,10,0.1,scalable_fmmd_modified_greedy,5,123354.87987900013,3.263904242005083
celebA_small,Age,2,10,0.1,scalable_fmmd_ILP,5,118937.93766699977,3.2699112980044447
celebA_small,Age,2,10,0.1,scalable_fmmd_modified_greedy,6,123594.52850400013,3.257672656996874
celebA_small,Age,2,10,0.1,scalable_fmmd_ILP,6,87589.60905100024,3.2656874079984846
celebA_small,Age,2,10,0.1,scalable_fmmd_modified_greedy,7,120894.88036099994,3.413655882002786
celebA_small,Age,2,10,0.1,scalable_fmmd_ILP,7,124415.69289799976,3.4099832420033636
celebA_small,Age,2,10,0.1,scalable_fmmd_modified_greedy,8,121653.02960600013,3.4000715630099876
celebA_small,Age,2,10,0.1,scalable_fmmd_ILP,8,112804.01312200027,3.417294787999708
celebA_small,Age,2,10,0.1,scalable_fmmd_modified_greedy,9,127974.58948100015,3.2348767389921704
celebA_small,Age,2,10,0.1,scalable_fmmd_ILP,9,127845.42782099986,3.258406189008383
celebA_small,Age,2,10,0.5,scalable_fmmd_modified_greedy,0,122965.53799300006,3.4105281310039572
celebA_small,Age,2,10,0.5,scalable_fmmd_ILP,0,122965.53799300006,3.3991233500128146
celebA_small,Age,2,10,0.5,scalable_fmmd_modified_greedy,1,129871.46701800016,3.39753832500719
celebA_small,Age,2,10,0.5,scalable_fmmd_ILP,1,118524.1910760002,3.418177718995139
celebA_small,Age,2,10,0.5,scalable_fmmd_modified_greedy,2,124616.70213199996,3.1761319220095174
celebA_small,Age,2,10,0.5,scalable_fmmd_ILP,2,124616.70213199996,3.192637232990819
celebA_small,Age,2,10,0.5,scalable_fmmd_modified_greedy,3,117486.20993199968,3.411075334995985
celebA_small,Age,2,10,0.5,scalable_fmmd_ILP,3,117486.20993199968,3.511198546999367
celebA_small,Age,2,10,0.5,scalable_fmmd_modified_greedy,4,122965.53799300006,3.2776134549931157
celebA_small,Age,2,10,0.5,scalable_fmmd_ILP,4,121766.46889200009,3.3083574489864986
celebA_small,Age,2,10,0.5,scalable_fmmd_modified_greedy,5,101666.94704199981,3.1436614679987542
celebA_small,Age,2,10,0.5,scalable_fmmd_ILP,5,101666.94704199981,3.148922427004436
celebA_small,Age,2,10,0.5,scalable_fmmd_modified_greedy,6,89859.29143199985,3.142432770007872
celebA_small,Age,2,10,0.5,scalable_fmmd_ILP,6,89859.29143199985,3.1563650090101874
celebA_small,Age,2,10,0.5,scalable_fmmd_modified_greedy,7,121845.2495669999,3.3144482710049488
celebA_small,Age,2,10,0.5,scalable_fmmd_ILP,7,121845.2495669999,3.3839352409995627
celebA_small,Age,2,10,0.5,scalable_fmmd_modified_greedy,8,120387.5758170001,3.2977694849978434
celebA_small,Age,2,10,0.5,scalable_fmmd_ILP,8,118524.1910760002,3.31326162199548
celebA_small,Age,2,10,0.5,scalable_fmmd_modified_greedy,9,119663.80601100008,3.271890871008509
celebA_small,Age,2,10,0.5,scalable_fmmd_ILP,9,126727.07888299991,3.271525957999984
celebA_small,Both,4,10,0.001,scalable_fmmd_modified_greedy,0,101682.36318699991,132.26144237699918
celebA_small,Both,4,10,0.001,scalable_fmmd_ILP,0,101682.36318699991,132.54516685201088
celebA_small,Both,4,10,0.001,scalable_fmmd_modified_greedy,1,95482.43175600024,45.422958120005205
celebA_small,Both,4,10,0.001,scalable_fmmd_ILP,1,101139.39232099989,45.449767444995814
celebA_small,Both,4,10,0.001,scalable_fmmd_modified_greedy,2,110101.66899699997,530.9811932480079
celebA_small,Both,4,10,0.001,scalable_fmmd_ILP,2,110101.66899699997,531.7428123380087
celebA_small,Both,4,10,0.001,scalable_fmmd_modified_greedy,3,121845.2495669999,22.731773199004238
celebA_small,Both,4,10,0.001,scalable_fmmd_ILP,3,91469.78800900017,22.832380687003024
celebA_small,Both,4,10,0.001,scalable_fmmd_modified_greedy,4,119663.80601100008,133.69143979100045
celebA_small,Both,4,10,0.001,scalable_fmmd_ILP,4,110598.6059249999,133.7530231970013
celebA_small,Both,4,10,0.001,scalable_fmmd_modified_greedy,5,86082.91318700001,196.28641687099298
celebA_small,Both,4,10,0.001,scalable_fmmd_ILP,5,86082.91318700001,195.93356275100086
celebA_small,Both,4,10,0.001,scalable_fmmd_modified_greedy,6,86862.62149499982,198.23618566000368
celebA_small,Both,4,10,0.001,scalable_fmmd_ILP,6,86862.62149499982,198.16332627099473
celebA_small,Both,4,10,0.001,scalable_fmmd_modified_greedy,7,121944.40435199974,91.51247742999112
celebA_small,Both,4,10,0.001,scalable_fmmd_ILP,7,113522.70894799984,91.63872977800202
celebA_small,Both,4,10,0.001,scalable_fmmd_modified_greedy,8,114639.47632400028,3.3171456159907393
celebA_small,Both,4,10,0.001,scalable_fmmd_ILP,8,93991.67649199998,3.3082621799985645
celebA_small,Both,4,10,0.001,scalable_fmmd_modified_greedy,9,91742.86679800016,12.587885358007043
celebA_small,Both,4,10,0.001,scalable_fmmd_ILP,9,91742.86679800016,12.61265162100608
celebA_small,Both,4,10,0.005,scalable_fmmd_modified_greedy,0,87288.89422900022,7.657457641995279
celebA_small,Both,4,10,0.005,scalable_fmmd_ILP,0,87288.89422900022,7.632330742999329
celebA_small,Both,4,10,0.005,scalable_fmmd_modified_greedy,1,113651.08439800004,53.986353446001885
celebA_small,Both,4,10,0.005,scalable_fmmd_ILP,1,94931.33262000003,53.96338717000617
celebA_small,Both,4,10,0.005,scalable_fmmd_modified_greedy,2,124282.1653669999,27.979150450992165
celebA_small,Both,4,10,0.005,scalable_fmmd_ILP,2,111205.32092899986,27.850645629005157
celebA_small,Both,4,10,0.005,scalable_fmmd_modified_greedy,3,115143.65379699977,4.051169059006497
celebA_small,Both,4,10,0.005,scalable_fmmd_ILP,3,112819.24553099993,4.044226764002815
celebA_small,Both,4,10,0.005,scalable_fmmd_modified_greedy,4,118039.5105169999,2.9795661509997444
celebA_small,Both,4,10,0.005,scalable_fmmd_ILP,4,117405.03938200024,2.9754460559925064
celebA_small,Both,4,10,0.005,scalable_fmmd_modified_greedy,5,108215.50085699974,2.9851474210008746
celebA_small,Both,4,10,0.005,scalable_fmmd_ILP,5,102776.45352799974,2.997275775996968
celebA_small,Both,4,10,0.005,scalable_fmmd_modified_greedy,6,86862.62149499982,43.35301855299622
celebA_small,Both,4,10,0.005,scalable_fmmd_ILP,6,86862.62149499982,43.445860067993635
celebA_small,Both,4,10,0.005,scalable_fmmd_modified_greedy,7,119226.42826099994,29.763201184003265
celebA_small,Both,4,10,0.005,scalable_fmmd_ILP,7,91527.51186899969,29.917744248989038
celebA_small,Both,4,10,0.005,scalable_fmmd_modified_greedy,8,119663.80601100008,5.047668489001808
celebA_small,Both,4,10,0.005,scalable_fmmd_ILP,8,98114.64349100018,5.044731144997058
celebA_small,Both,4,10,0.005,scalable_fmmd_modified_greedy,9,124616.70213199996,24.64673977199709
celebA_small,Both,4,10,0.005,scalable_fmmd_ILP,9,104923.64509399982,24.578925157999038
celebA_small,Both,4,10,0.01,scalable_fmmd_modified_greedy,0,104632.50059400016,3.028276551995077
celebA_small,Both,4,10,0.01,scalable_fmmd_ILP,0,100774.60333599988,3.0123952760040993
celebA_small,Both,4,10,0.01,scalable_fmmd_modified_greedy,1,121845.2495669999,3.9921630509925308
celebA_small,Both,4,10,0.01,scalable_fmmd_ILP,1,92073.30235199991,4.0055499199952465
celebA_small,Both,4,10,0.01,scalable_fmmd_modified_greedy,2,119663.80601100008,2.9389291730039986
celebA_small,Both,4,10,0.01,scalable_fmmd_ILP,2,88843.33339600005,2.948193571995944
celebA_small,Both,4,10,0.01,scalable_fmmd_modified_greedy,3,94064.97191699987,22.439944466008455
celebA_small,Both,4,10,0.01,scalable_fmmd_ILP,3,94064.97191699987,22.4161217679939
celebA_small,Both,4,10,0.01,scalable_fmmd_modified_greedy,4,121688.52974299986,27.90275390500028
celebA_small,Both,4,10,0.01,scalable_fmmd_ILP,4,113232.85341800006,27.96138326798973
celebA_small,Both,4,10,0.01,scalable_fmmd_modified_greedy,5,85380.44386000006,35.314948525003274
celebA_small,Both,4,10,0.01,scalable_fmmd_ILP,5,85380.44386000006,35.288486398989335
celebA_small,Both,4,10,0.01,scalable_fmmd_modified_greedy,6,86827.47469399987,26.575822188999155
celebA_small,Both,4,10,0.01,scalable_fmmd_ILP,6,86727.196452,26.611021407006774
celebA_small,Both,4,10,0.01,scalable_fmmd_modified_greedy,7,113232.85341800006,3.288757018002798
celebA_small,Both,4,10,0.01,scalable_fmmd_ILP,7,88174.68060599972,3.2956996119901305
celebA_small,Both,4,10,0.01,scalable_fmmd_modified_greedy,8,119663.80601100008,11.943932177004172
celebA_small,Both,4,10,0.01,scalable_fmmd_ILP,8,107685.995408,11.950025104000815
celebA_small,Both,4,10,0.01,scalable_fmmd_modified_greedy,9,105025.89625900006,3.384766388000571
celebA_small,Both,4,10,0.01,scalable_fmmd_ILP,9,113059.97379100007,3.3670997620065464
celebA_small,Both,4,10,0.05,scalable_fmmd_modified_greedy,0,121845.2495669999,4.409173556996393
celebA_small,Both,4,10,0.05,scalable_fmmd_ILP,0,120334.69690799998,4.387303130002692
celebA_small,Both,4,10,0.05,scalable_fmmd_modified_greedy,1,103582.6038650001,5.01459329300269
celebA_small,Both,4,10,0.05,scalable_fmmd_ILP,1,103582.6038650001,5.012878405992524
celebA_small,Both,4,10,0.05,scalable_fmmd_modified_greedy,2,93625.66834999998,10.431062635005219
celebA_small,Both,4,10,0.05,scalable_fmmd_ILP,2,93625.66834999998,10.45454633999907
celebA_small,Both,4,10,0.05,scalable_fmmd_modified_greedy,3,102577.36670999986,2.965186846005963
celebA_small,Both,4,10,0.05,scalable_fmmd_ILP,3,112819.24553099993,2.9764999260078184
celebA_small,Both,4,10,0.05,scalable_fmmd_modified_greedy,4,93349.47535000004,2.939273085008608
celebA_small,Both,4,10,0.05,scalable_fmmd_ILP,4,93349.47535000004,2.946250006003538
celebA_small,Both,4,10,0.05,scalable_fmmd_modified_greedy,5,121944.40435199974,3.84048793099646
celebA_small,Both,4,10,0.05,scalable_fmmd_ILP,5,121944.40435199974,3.826675725998939
celebA_small,Both,4,10,0.05,scalable_fmmd_modified_greedy,6,122965.53799300006,4.341685714010964
celebA_small,Both,4,10,0.05,scalable_fmmd_ILP,6,119663.80601100008,4.357121828012168
celebA_small,Both,4,10,0.05,scalable_fmmd_modified_greedy,7,119663.80601100008,2.956867646003957
celebA_small,Both,4,10,0.05,scalable_fmmd_ILP,7,92947.78620000024,2.963850837011705
celebA_small,Both,4,10,0.05,scalable_fmmd_modified_greedy,8,124415.69289799976,4.389758721998078
celebA_small,Both,4,10,0.05,scalable_fmmd_ILP,8,118937.93766699977,4.385527829013881
celebA_small,Both,4,10,0.05,scalable_fmmd_modified_greedy,9,120894.88036099994,5.804383905007853
celebA_small,Both,4,10,0.05,scalable_fmmd_ILP,9,82464.86651499996,5.822423877994879
celebA_small,Both,4,10,0.1,scalable_fmmd_modified_greedy,0,117456.01908999984,4.879843670991249
celebA_small,Both,4,10,0.1,scalable_fmmd_ILP,0,117456.01908999984,4.89356867299648
celebA_small,Both,4,10,0.1,scalable_fmmd_modified_greedy,1,111876.37768500023,2.9573018770024646
celebA_small,Both,4,10,0.1,scalable_fmmd_ILP,1,112804.01312200027,2.9872154189943103
celebA_small,Both,4,10,0.1,scalable_fmmd_modified_greedy,2,88599.21706799998,6.4343964199943
celebA_small,Both,4,10,0.1,scalable_fmmd_ILP,2,88599.21706799998,6.429380950008635
celebA_small,Both,4,10,0.1,scalable_fmmd_modified_greedy,3,118937.93766699977,4.5708188059943495
celebA_small,Both,4,10,0.1,scalable_fmmd_ILP,3,120334.69690799998,4.58683811899391
celebA_small,Both,4,10,0.1,scalable_fmmd_modified_greedy,4,122965.53799300006,7.688708044006489
celebA_small,Both,4,10,0.1,scalable_fmmd_ILP,4,89772.149039,7.676170453996747
celebA_small,Both,4,10,0.1,scalable_fmmd_modified_greedy,5,123354.87987900013,4.625857803010149
celebA_small,Both,4,10,0.1,scalable_fmmd_ILP,5,119226.42826099994,4.657582744010142
celebA_small,Both,4,10,0.1,scalable_fmmd_modified_greedy,6,106704.03640000001,3.4254132060013944
celebA_small,Both,4,10,0.1,scalable_fmmd_ILP,6,111129.3457290002,3.394698383999639
celebA_small,Both,4,10,0.1,scalable_fmmd_modified_greedy,7,119226.42826099994,4.754140759992879
celebA_small,Both,4,10,0.1,scalable_fmmd_ILP,7,118937.93766699977,4.671362216991838
celebA_small,Both,4,10,0.1,scalable_fmmd_modified_greedy,8,112356.28470499977,4.758824011005345
celebA_small,Both,4,10,0.1,scalable_fmmd_ILP,8,112356.28470499977,4.741770891996566
celebA_small,Both,4,10,0.1,scalable_fmmd_modified_greedy,9,107577.57980799983,3.2922143140021944
celebA_small,Both,4,10,0.1,scalable_fmmd_ILP,9,111205.32092899986,3.2926028310030233
celebA_small,Both,4,10,0.5,scalable_fmmd_modified_greedy,0,102776.45352799974,2.9603936710045673
celebA_small,Both,4,10,0.5,scalable_fmmd_ILP,0,115267.41540100034,2.964274148995173
celebA_small,Both,4,10,0.5,scalable_fmmd_modified_greedy,1,112819.24553099993,2.9617904640035704
celebA_small,Both,4,10,0.5,scalable_fmmd_ILP,1,118937.93766699977,2.953681675993721
celebA_small,Both,4,10,0.5,scalable_fmmd_modified_greedy,2,82425.95275700014,5.272446974995546
celebA_small,Both,4,10,0.5,scalable_fmmd_ILP,2,93747.89854900017,5.266332858998794
celebA_small,Both,4,10,0.5,scalable_fmmd_modified_greedy,3,50591.28772899999,4.867218746992876
celebA_small,Both,4,10,0.5,scalable_fmmd_ILP,3,50591.28772899999,4.8697583470057
celebA_small,Both,4,10,0.5,scalable_fmmd_modified_greedy,4,105402.4789390001,3.2983664510102244
celebA_small,Both,4,10,0.5,scalable_fmmd_ILP,4,107070.06336400035,3.2981160229974193
celebA_small,Both,4,10,0.5,scalable_fmmd_modified_greedy,5,77407.1185640001,5.106400703996769
celebA_small,Both,4,10,0.5,scalable_fmmd_ILP,5,97605.674975,5.092184434004594
celebA_small,Both,4,10,0.5,scalable_fmmd_modified_greedy,6,50579.043246000016,3.8467863819969352
celebA_small,Both,4,10,0.5,scalable_fmmd_ILP,6,84450.02578400006,3.8497331629914697
celebA_small,Both,4,10,0.5,scalable_fmmd_modified_greedy,7,95657.31916199978,4.5724281260045245
celebA_small,Both,4,10,0.5,scalable_fmmd_ILP,7,90601.2642229997,4.587303701002384
celebA_small,Both,4,10,0.5,scalable_fmmd_modified_greedy,8,118290.42356899999,3.319575460991473
celebA_small,Both,4,10,0.5,scalable_fmmd_ILP,8,95482.43175600024,3.3256323109962977
celebA_small,Both,4,10,0.5,scalable_fmmd_modified_greedy,9,119132.05856200017,3.209790153996437
celebA_small,Both,4,10,0.5,scalable_fmmd_ILP,9,111521.696485,3.2109501240047393
adult_small,Sex,2,10,0.001,scalable_fmmd_ILP,0,4.7983254860469815,0.09045452999998815
adult_small,Sex,2,10,0.001,scalable_fmmd_ILP,1,4.469851022613842,0.09077833499759436
adult_small,Sex,2,10,0.001,scalable_fmmd_ILP,2,4.409821153550334,0.08288156600610819
adult_small,Sex,2,10,0.001,scalable_fmmd_ILP,3,4.847979928864805,0.08522759399784263
adult_small,Sex,2,10,0.001,scalable_fmmd_ILP,4,4.592886158689001,0.08386760900611989
adult_small,Sex,2,10,0.001,scalable_fmmd_ILP,5,4.768826314137368,0.0823716320010135
adult_small,Sex,2,10,0.001,scalable_fmmd_ILP,6,4.77986220798236,0.0789923410047777
adult_small,Sex,2,10,0.001,scalable_fmmd_ILP,7,4.408899631217408,0.08425704800174572
adult_small,Sex,2,10,0.001,scalable_fmmd_ILP,8,4.8764164158887215,0.07938136901066173
adult_small,Sex,2,10,0.001,scalable_fmmd_ILP,9,4.768826314137368,0.08298061099776533
adult_small,Sex,2,10,0.005,scalable_fmmd_ILP,0,4.820316946547602,0.08328278500994202
adult_small,Sex,2,10,0.005,scalable_fmmd_ILP,1,4.604732431887655,0.08531552899512462
adult_small,Sex,2,10,0.005,scalable_fmmd_ILP,2,4.605243121376438,0.08413358801044524
adult_small,Sex,2,10,0.005,scalable_fmmd_ILP,3,4.754686720766995,0.07908011401013937
adult_small,Sex,2,10,0.005,scalable_fmmd_ILP,4,4.7729873744402465,0.08611892099725083
adult_small,Sex,2,10,0.005,scalable_fmmd_ILP,5,4.636734999608129,0.08334998200007249
adult_small,Sex,2,10,0.005,scalable_fmmd_ILP,6,4.6638478715849,0.08285798100405373
adult_small,Sex,2,10,0.005,scalable_fmmd_ILP,7,4.522060965112036,0.08069463500578422
adult_small,Sex,2,10,0.005,scalable_fmmd_ILP,8,4.459830129549219,0.08189129400125239
adult_small,Sex,2,10,0.005,scalable_fmmd_ILP,9,4.595126815114573,0.08419295800558757
adult_small,Sex,2,10,0.01,scalable_fmmd_ILP,0,5.126610203396197,0.08297805600159336
adult_small,Sex,2,10,0.01,scalable_fmmd_ILP,1,4.408899631217408,0.08497923900722526
adult_small,Sex,2,10,0.01,scalable_fmmd_ILP,2,4.9698317114332955,0.0859591110056499
adult_small,Sex,2,10,0.01,scalable_fmmd_ILP,3,4.5382799099376845,0.08151177399849985
adult_small,Sex,2,10,0.01,scalable_fmmd_ILP,4,4.604732431887655,0.08256982199964114
adult_small,Sex,2,10,0.01,scalable_fmmd_ILP,5,4.567978249835588,0.08138615800999105
adult_small,Sex,2,10,0.01,scalable_fmmd_ILP,6,4.551318490938861,0.08259678298782092
adult_small,Sex,2,10,0.01,scalable_fmmd_ILP,7,4.8476987091115715,0.08739788399543613
adult_small,Sex,2,10,0.01,scalable_fmmd_ILP,8,4.8476987091115715,0.08256588499352802
adult_small,Sex,2,10,0.01,scalable_fmmd_ILP,9,4.768826314137368,0.08233698600088246
adult_small,Sex,2,10,0.05,scalable_fmmd_ILP,0,4.604109051830875,0.0880648300080793
adult_small,Sex,2,10,0.05,scalable_fmmd_ILP,1,4.8476987091115715,0.0827242719969945
adult_small,Sex,2,10,0.05,scalable_fmmd_ILP,2,4.937765973524971,0.07880292600020766
adult_small,Sex,2,10,0.05,scalable_fmmd_ILP,3,4.823435790938862,0.08625505599775352
adult_small,Sex,2,10,0.05,scalable_fmmd_ILP,4,4.8476987091115715,0.08271162801247556
adult_small,Sex,2,10,0.05,scalable_fmmd_ILP,5,5.153227671717406,0.08227452999562956
adult_small,Sex,2,10,0.05,scalable_fmmd_ILP,6,4.614927709947687,0.08399890600412618
adult_small,Sex,2,10,0.05,scalable_fmmd_ILP,7,4.408899631217408,0.08433111700287554
adult_small,Sex,2,10,0.05,scalable_fmmd_ILP,8,4.804041777505895,0.07902964000822976
adult_small,Sex,2,10,0.05,scalable_fmmd_ILP,9,4.6231855248847635,0.08745837600145023
adult_small,Sex,2,10,0.1,scalable_fmmd_ILP,0,4.773988345060554,0.08481879899045452
adult_small,Sex,2,10,0.1,scalable_fmmd_ILP,1,4.937765973524971,0.08256400100071914
adult_small,Sex,2,10,0.1,scalable_fmmd_ILP,2,4.744516564561979,0.08708765300980303
adult_small,Sex,2,10,0.1,scalable_fmmd_ILP,3,4.604109051830875,0.08434381100232713
adult_small,Sex,2,10,0.1,scalable_fmmd_ILP,4,4.604109051830875,0.08478281200223137
adult_small,Sex,2,10,0.1,scalable_fmmd_ILP,5,4.486838350723926,0.08488553400093224
adult_small,Sex,2,10,0.1,scalable_fmmd_ILP,6,4.629769979364634,0.08233831000688951
adult_small,Sex,2,10,0.1,scalable_fmmd_ILP,7,4.30259668169595,0.08597701499820687
adult_small,Sex,2,10,0.1,scalable_fmmd_ILP,8,4.453503247119508,0.08419823800795712
adult_small,Sex,2,10,0.1,scalable_fmmd_ILP,9,4.688062718364485,0.08263457400607876
adult_small,Sex,2,10,0.5,scalable_fmmd_ILP,0,4.551318490938861,0.08263627700216603
adult_small,Sex,2,10,0.5,scalable_fmmd_ILP,1,5.048218064187302,0.08417017500323709
adult_small,Sex,2,10,0.5,scalable_fmmd_ILP,2,4.794663589499163,0.08126234699739143
adult_small,Sex,2,10,0.5,scalable_fmmd_ILP,3,4.604109051830875,0.08491812499414664
adult_small,Sex,2,10,0.5,scalable_fmmd_ILP,4,4.408899631217408,0.08484310400672257
adult_small,Sex,2,10,0.5,scalable_fmmd_ILP,5,4.6231855248847635,0.08762222299992573
adult_small,Sex,2,10,0.5,scalable_fmmd_ILP,6,5.190896947742847,0.08397459100524429
adult_small,Sex,2,10,0.5,scalable_fmmd_ILP,7,4.431196175508708,0.08414299399009906
adult_small,Sex,2,10,0.5,scalable_fmmd_ILP,8,4.604109051830875,0.08447110898850951
adult_small,Sex,2,10,0.5,scalable_fmmd_ILP,9,4.723179814927757,0.08308471599593759
adult_small,Race,5,10,0.001,scalable_fmmd_ILP,0,4.4056038852400246,0.93878047898761
adult_small,Race,5,10,0.001,scalable_fmmd_ILP,1,4.072886514006743,3.877485353004886
adult_small,Race,5,10,0.001,scalable_fmmd_ILP,2,4.172966442973632,2.3074232439976186
adult_small,Race,5,10,0.001,scalable_fmmd_ILP,3,4.205880009318739,7.542071538002347
adult_small,Race,5,10,0.001,scalable_fmmd_ILP,4,3.8182613681796327,7.68390805600211
adult_small,Race,5,10,0.001,scalable_fmmd_ILP,5,4.072886514006743,11.348184413000126
adult_small,Race,5,10,0.001,scalable_fmmd_ILP,6,3.9856107704457293,7.4543742860114435
adult_small,Race,5,10,0.001,scalable_fmmd_ILP,7,4.0464314145198355,3.6346124109986704
adult_small,Race,5,10,0.001,scalable_fmmd_ILP,8,4.141744734400951,7.762257695998414
adult_small,Race,5,10,0.001,scalable_fmmd_ILP,9,3.9218867320215915,8.023588971991558
adult_small,Race,5,10,0.005,scalable_fmmd_ILP,0,4.205880009318739,1.193739235997782
adult_small,Race,5,10,0.005,scalable_fmmd_ILP,1,3.939983540282624,1.3497704550100025
adult_small,Race,5,10,0.005,scalable_fmmd_ILP,2,4.205880009318739,1.5969375879940344
adult_small,Race,5,10,0.005,scalable_fmmd_ILP,3,3.7785538544425963,1.9539346719975583
adult_small,Race,5,10,0.005,scalable_fmmd_ILP,4,4.4215148867649425,0.9274710059980862
adult_small,Race,5,10,0.005,scalable_fmmd_ILP,5,3.6787208579132504,2.0131944439926883
adult_small,Race,5,10,0.005,scalable_fmmd_ILP,6,3.89654568619861,1.6715171149990056
adult_small,Race,5,10,0.005,scalable_fmmd_ILP,7,3.954312584286806,1.1751832580048358
adult_small,Race,5,10,0.005,scalable_fmmd_ILP,8,4.141744734400951,0.8874206540058367
adult_small,Race,5,10,0.005,scalable_fmmd_ILP,9,4.4215148867649425,0.32468307300587185
adult_small,Race,5,10,0.01,scalable_fmmd_ILP,0,4.057281501324871,1.0632534100004705
adult_small,Race,5,10,0.01,scalable_fmmd_ILP,1,4.032589673050061,0.5389783099963097
adult_small,Race,5,10,0.01,scalable_fmmd_ILP,2,4.032589673050061,0.8742301019956358
adult_small,Race,5,10,0.01,scalable_fmmd_ILP,3,4.161500543357287,0.45171987800858915
adult_small,Race,5,10,0.01,scalable_fmmd_ILP,4,3.955528850336324,0.7346969219943276
adult_small,Race,5,10,0.01,scalable_fmmd_ILP,5,4.378221649057754,0.5348728410026524
adult_small,Race,5,10,0.01,scalable_fmmd_ILP,6,4.4215148867649425,0.20770007200189866
adult_small,Race,5,10,0.01,scalable_fmmd_ILP,7,3.89654568619861,0.8211071979894768
adult_small,Race,5,10,0.01,scalable_fmmd_ILP,8,3.783384622576721,1.1928753910033265
adult_small,Race,5,10,0.01,scalable_fmmd_ILP,9,3.8414729767887215,0.9696040830021957
adult_small,Race,5,10,0.05,scalable_fmmd_ILP,0,3.7785538544425963,0.29534665000392124
adult_small,Race,5,10,0.05,scalable_fmmd_ILP,1,4.362468722719741,0.20732233599119354
adult_small,Race,5,10,0.05,scalable_fmmd_ILP,2,3.790822836748639,0.33408943699032534
adult_small,Race,5,10,0.05,scalable_fmmd_ILP,3,3.7785538544425963,0.29359966199263
adult_small,Race,5,10,0.05,scalable_fmmd_ILP,4,4.16663211432243,0.20677894000255037
adult_small,Race,5,10,0.05,scalable_fmmd_ILP,5,4.147550131865919,0.28646016800485086
adult_small,Race,5,10,0.05,scalable_fmmd_ILP,6,3.7785538544425963,0.2536896829988109
adult_small,Race,5,10,0.05,scalable_fmmd_ILP,7,4.378221649057754,0.12769580900203437
adult_small,Race,5,10,0.05,scalable_fmmd_ILP,8,4.301089547236839,0.20678270600910764
adult_small,Race,5,10,0.05,scalable_fmmd_ILP,9,3.6787208579132504,0.2520664570038207
adult_small,Race,5,10,0.1,scalable_fmmd_ILP,0,3.748977666421207,0.21111550100613385
adult_small,Race,5,10,0.1,scalable_fmmd_ILP,1,4.141744734400951,0.16703467899060342
adult_small,Race,5,10,0.1,scalable_fmmd_ILP,2,3.939983540282624,0.17129557998850942
adult_small,Race,5,10,0.1,scalable_fmmd_ILP,3,3.7785538544425963,0.1686578350054333
adult_small,Race,5,10,0.1,scalable_fmmd_ILP,4,3.7785538544425963,0.16521166000165977
adult_small,Race,5,10,0.1,scalable_fmmd_ILP,5,3.8182613681796327,0.1706482989975484
adult_small,Race,5,10,0.1,scalable_fmmd_ILP,6,4.4056038852400246,0.12604243599344045
adult_small,Race,5,10,0.1,scalable_fmmd_ILP,7,3.89654568619861,0.12776411599770654
adult_small,Race,5,10,0.1,scalable_fmmd_ILP,8,4.103677951878047,0.12691281399747822
adult_small,Race,5,10,0.1,scalable_fmmd_ILP,9,3.9856107704457293,0.1677618590038037
adult_small,Race,5,10,0.5,scalable_fmmd_ILP,0,2.553453287906399,0.13254552899161354
adult_small,Race,5,10,0.5,scalable_fmmd_ILP,1,2.4787347364205794,0.1336934369901428
adult_small,Race,5,10,0.5,scalable_fmmd_ILP,2,3.0495180097528523,0.13229848799528554
adult_small,Race,5,10,0.5,scalable_fmmd_ILP,3,3.110070044030842,0.12903592399379704
adult_small,Race,5,10,0.5,scalable_fmmd_ILP,4,2.553453287906399,0.13337477098684758
adult_small,Race,5,10,0.5,scalable_fmmd_ILP,5,2.531206390079837,0.13368798699229956
adult_small,Race,5,10,0.5,scalable_fmmd_ILP,6,2.553453287906399,0.13291891799599398
adult_small,Race,5,10,0.5,scalable_fmmd_ILP,7,2.553453287906399,0.1347093360091094
adult_small,Race,5,10,0.5,scalable_fmmd_ILP,8,2.5773380505263566,0.13228007299767341
adult_small,Race,5,10,0.5,scalable_fmmd_ILP,9,2.556939140189496,0.13102978399547283
adult_small,Both,10,10,0.001,scalable_fmmd_ILP,0,3.0849193992778807,16.07650841299619
adult_small,Both,10,10,0.001,scalable_fmmd_ILP,1,2.4132870191891804,26.74626044598699
adult_small,Both,10,10,0.001,scalable_fmmd_ILP,2,3.0849193992778807,16.429498192999745
adult_small,Both,10,10,0.001,scalable_fmmd_ILP,3,3.1235063339572404,17.99472403600521
adult_small,Both,10,10,0.001,scalable_fmmd_ILP,4,3.124100407230376,17.65730002199416
adult_small,Both,10,10,0.001,scalable_fmmd_ILP,5,3.0849193992778807,18.414994698992814
adult_small,Both,10,10,0.001,scalable_fmmd_ILP,6,3.0849193992778807,18.3119297719968
adult_small,Both,10,10,0.001,scalable_fmmd_ILP,7,3.124100407230376,13.885382377993665
adult_small,Both,10,10,0.001,scalable_fmmd_ILP,8,2.435651707842687,29.653595431998838
adult_small,Both,10,10,0.001,scalable_fmmd_ILP,9,2.435651707842687,28.877157807000913
adult_small,Both,10,10,0.005,scalable_fmmd_ILP,0,3.0849193992778807,3.7897887309954967
adult_small,Both,10,10,0.005,scalable_fmmd_ILP,1,3.0849193992778807,3.2354392989946064
adult_small,Both,10,10,0.005,scalable_fmmd_ILP,2,3.0849193992778807,3.4667519369977526
adult_small,Both,10,10,0.005,scalable_fmmd_ILP,3,3.124100407230376,3.8909860660060076
adult_small,Both,10,10,0.005,scalable_fmmd_ILP,4,2.435651707842687,5.9632854419905925
adult_small,Both,10,10,0.005,scalable_fmmd_ILP,5,2.435651707842687,5.651830681992578
adult_small,Both,10,10,0.005,scalable_fmmd_ILP,6,2.435651707842687,5.736296971997945
adult_small,Both,10,10,0.005,scalable_fmmd_ILP,7,3.124100407230376,3.579091823005001
adult_small,Both,10,10,0.005,scalable_fmmd_ILP,8,3.02730031052603,3.7850136490014847
adult_small,Both,10,10,0.005,scalable_fmmd_ILP,9,3.0849193992778807,3.7172499209991656
adult_small,Both,10,10,0.01,scalable_fmmd_ILP,0,2.9239197165081325,2.4355579630064312
adult_small,Both,10,10,0.01,scalable_fmmd_ILP,1,3.124100407230376,1.682885680012987
adult_small,Both,10,10,0.01,scalable_fmmd_ILP,2,3.0849193992778807,1.9464003890025197
adult_small,Both,10,10,0.01,scalable_fmmd_ILP,3,3.0849193992778807,1.7066957039933186
adult_small,Both,10,10,0.01,scalable_fmmd_ILP,4,2.4132870191891804,2.8954370730061783
adult_small,Both,10,10,0.01,scalable_fmmd_ILP,5,3.0849193992778807,1.8522588730120333
adult_small,Both,10,10,0.01,scalable_fmmd_ILP,6,3.0849193992778807,1.6362501300027361
adult_small,Both,10,10,0.01,scalable_fmmd_ILP,7,3.124100407230376,1.8214480829919921
adult_small,Both,10,10,0.01,scalable_fmmd_ILP,8,3.0849193992778807,1.9179887270001927
adult_small,Both,10,10,0.01,scalable_fmmd_ILP,9,3.02730031052603,1.9357468620000873
adult_small,Both,10,10,0.05,scalable_fmmd_ILP,0,3.0849193992778807,0.4373237210093066
adult_small,Both,10,10,0.05,scalable_fmmd_ILP,1,2.6554622105946075,0.603972488999716
adult_small,Both,10,10,0.05,scalable_fmmd_ILP,2,2.4132870191891804,0.6752229080011602
adult_small,Both,10,10,0.05,scalable_fmmd_ILP,3,2.425607780800103,0.6906508870015386
adult_small,Both,10,10,0.05,scalable_fmmd_ILP,4,2.4132870191891804,0.6998871620016871
adult_small,Both,10,10,0.05,scalable_fmmd_ILP,5,3.124100407230376,0.5489524959994014
adult_small,Both,10,10,0.05,scalable_fmmd_ILP,6,2.4132870191891804,0.6506497359951027
adult_small,Both,10,10,0.05,scalable_fmmd_ILP,7,3.083776532262674,0.37918624898884445
adult_small,Both,10,10,0.05,scalable_fmmd_ILP,8,3.0849193992778807,0.4967423400084954
adult_small,Both,10,10,0.05,scalable_fmmd_ILP,9,2.425607780800103,0.6130284279934131
adult_small,Both,10,10,0.1,scalable_fmmd_ILP,0,2.4132870191891804,0.39950990201032255
adult_small,Both,10,10,0.1,scalable_fmmd_ILP,1,3.0849193992778807,0.2916551950038411
adult_small,Both,10,10,0.1,scalable_fmmd_ILP,2,2.2766901289883523,0.39404613299120683
adult_small,Both,10,10,0.1,scalable_fmmd_ILP,3,3.0849193992778807,0.2997604859992862
adult_small,Both,10,10,0.1,scalable_fmmd_ILP,4,3.0849193992778807,0.2585234849975677
adult_small,Both,10,10,0.1,scalable_fmmd_ILP,5,2.6554622105946075,0.3094659399939701
adult_small,Both,10,10,0.1,scalable_fmmd_ILP,6,3.0849193992778807,0.25991380598861724
adult_small,Both,10,10,0.1,scalable_fmmd_ILP,7,3.0849193992778807,0.2623208270088071
adult_small,Both,10,10,0.1,scalable_fmmd_ILP,8,2.4132870191891804,0.3546825049998006
adult_small,Both,10,10,0.1,scalable_fmmd_ILP,9,3.0849193992778807,0.3031686600006651
adult_small,Both,10,10,0.5,scalable_fmmd_ILP,0,2.4132870191891804,0.13483066399930976
adult_small,Both,10,10,0.5,scalable_fmmd_ILP,1,2.4132870191891804,0.13626023700635415
adult_small,Both,10,10,0.5,scalable_fmmd_ILP,2,2.4132870191891804,0.1326463080040412
adult_small,Both,10,10,0.5,scalable_fmmd_ILP,3,2.318738743146584,0.13716864699381404
adult_small,Both,10,10,0.5,scalable_fmmd_ILP,4,2.4132870191891804,0.13718617999984417
adult_small,Both,10,10,0.5,scalable_fmmd_ILP,5,2.28360817896175,0.1403832100040745
adult_small,Both,10,10,0.5,scalable_fmmd_ILP,6,2.4132870191891804,0.13527872099075466
adult_small,Both,10,10,0.5,scalable_fmmd_ILP,7,2.4132870191891804,0.13997046700387727
adult_small,Both,10,10,0.5,scalable_fmmd_ILP,8,2.4132870191891804,0.13646659300138708
adult_small,Both,10,10,0.5,scalable_fmmd_ILP,9,2.425607780800103,0.13732506899395958
